RODADA;TORRE;SERVIDOR;DATA;HORA;PID;PROCESSO;PROC_CPU_ABSOLUTA_PCT;PROC_CPU_GLOBAL_PCT;PROC_RAM_PCT;PROC_RAM_MB
1;aaaa;bbb;07/10/2026;15:11:20;4;System;0.0;0.0;0.0;0.14
1;aaaa;bbb;07/10/2026;15:11:20;8;csrss.exe;0.0;0.0;0.03;4.77
1;aaaa;bbb;07/10/2026;15:11:20;140;;0.0;0.0;0.31;47.74
1;aaaa;bbb;07/10/2026;15:11:20;160;msedge.exe;0.0;0.0;0.11;16.91
1;aaaa;bbb;07/10/2026;15:11:20;176;Registry;0.0;0.0;0.18;27.52
1;aaaa;bbb;07/10/2026;15:11:20;660;smss.exe;0.0;0.0;0.01;1.09
1;aaaa;bbb;07/10/2026;15:11:20;724;svchost.exe;0.0;0.0;0.11;17.42
1;aaaa;bbb;07/10/2026;15:11:20;1176;wininit.exe;0.0;0.0;0.04;5.8
1;aaaa;bbb;07/10/2026;15:11:20;1200;csrss.exe;0.0;0.0;0.15;22.77
1;aaaa;bbb;07/10/2026;15:11:20;1256;services.exe;0.0;0.0;0.09;14.42
1;aaaa;bbb;07/10/2026;15:11:20;1292;winlogon.exe;0.0;0.0;0.07;10.78
1;aaaa;bbb;07/10/2026;15:11:20;1324;LsaIso.exe;0.0;0.0;0.02;3.24
1;aaaa;bbb;07/10/2026;15:11:20;1344;lsass.exe;0.0;0.0;0.19;29.12
1;aaaa;bbb;07/10/2026;15:11:20;1472;svchost.exe;0.0;0.0;0.04;6.52
1;aaaa;bbb;07/10/2026;15:11:20;1480;ShellExperienceHost.exe;0.0;0.0;0.49;76.01
1;aaaa;bbb;07/10/2026;15:11:20;1484;svchost.exe;0.0;0.0;0.22;34.85
1;aaaa;bbb;07/10/2026;15:11:20;1512;fontdrvhost.exe;0.0;0.0;0.02;3.3
1;aaaa;bbb;07/10/2026;15:11:20;1516;fontdrvhost.exe;0.0;0.0;0.06;8.83
1;aaaa;bbb;07/10/2026;15:11:20;1544;WUDFHost.exe;0.0;0.0;0.03;5.04
1;aaaa;bbb;07/10/2026;15:11:20;1660;svchost.exe;0.0;0.0;0.14;21.59
1;aaaa;bbb;07/10/2026;15:11:20;1724;svchost.exe;0.0;0.0;0.06;8.76
1;aaaa;bbb;07/10/2026;15:11:20;1756;wallpaper64.exe;0.0;0.0;1.37;213.64
1;aaaa;bbb;07/10/2026;15:11:20;1828;opera.exe;0.0;0.0;1.75;272.26
1;aaaa;bbb;07/10/2026;15:11:20;1844;svchost.exe;0.0;0.0;0.03;5.03
1;aaaa;bbb;07/10/2026;15:11:20;1860;svchost.exe;0.0;0.0;0.05;7.41
1;aaaa;bbb;07/10/2026;15:11:20;1888;svchost.exe;0.0;0.0;0.05;8.48
1;aaaa;bbb;07/10/2026;15:11:20;1904;svchost.exe;0.0;0.0;0.07;11.56
1;aaaa;bbb;07/10/2026;15:11:20;1924;svchost.exe;0.0;0.0;0.09;13.76
1;aaaa;bbb;07/10/2026;15:11:20;2016;msedgewebview2.exe;0.0;0.0;0.05;7.46
1;aaaa;bbb;07/10/2026;15:11:20;2024;svchost.exe;0.0;0.0;0.07;10.36
1;aaaa;bbb;07/10/2026;15:11:20;2056;svchost.exe;0.0;0.0;0.06;9.73
1;aaaa;bbb;07/10/2026;15:11:20;2064;svchost.exe;0.0;0.0;0.06;9.21
1;aaaa;bbb;07/10/2026;15:11:20;2260;svchost.exe;0.0;0.0;0.05;7.72
1;aaaa;bbb;07/10/2026;15:11:20;2268;svchost.exe;0.0;0.0;0.05;8.12
1;aaaa;bbb;07/10/2026;15:11:20;2280;svchost.exe;0.0;0.0;0.13;19.67
1;aaaa;bbb;07/10/2026;15:11:20;2476;tposd.exe;0.0;0.0;0.1;15.27
1;aaaa;bbb;07/10/2026;15:11:20;2548;svchost.exe;0.0;0.0;0.06;9.22
1;aaaa;bbb;07/10/2026;15:11:20;2560;svchost.exe;0.0;0.0;0.09;14.79
1;aaaa;bbb;07/10/2026;15:11:20;2580;msedge.exe;0.0;0.0;0.2;30.45
1;aaaa;bbb;07/10/2026;15:11:20;2596;svchost.exe;0.0;0.0;0.05;7.23
1;aaaa;bbb;07/10/2026;15:11:20;2616;browser_assistant.exe;0.0;0.0;0.16;25.55
1;aaaa;bbb;07/10/2026;15:11:20;2752;steamwebhelper.exe;0.0;0.0;0.07;11.51
1;aaaa;bbb;07/10/2026;15:11:20;2804;svchost.exe;0.0;0.0;0.08;12.62
1;aaaa;bbb;07/10/2026;15:11:20;2836;SynTPEnh.exe;0.0;0.0;0.18;27.5
1;aaaa;bbb;07/10/2026;15:11:20;2928;svchost.exe;0.0;0.0;0.06;9.52
1;aaaa;bbb;07/10/2026;15:11:20;3044;svchost.exe;0.0;0.0;0.08;11.95
1;aaaa;bbb;07/10/2026;15:11:20;3052;svchost.exe;0.0;0.0;0.06;8.79
1;aaaa;bbb;07/10/2026;15:11:20;3128;dwm.exe;0.0;0.0;0.91;142.09
1;aaaa;bbb;07/10/2026;15:11:20;3180;svchost.exe;0.0;0.0;0.1;15.84
1;aaaa;bbb;07/10/2026;15:11:20;3216;M365Copilot.exe;0.0;0.0;0.45;70.92
1;aaaa;bbb;07/10/2026;15:11:20;3224;unsecapp.exe;0.0;0.0;0.05;7.72
1;aaaa;bbb;07/10/2026;15:11:20;3320;svchost.exe;0.0;0.0;0.05;7.55
1;aaaa;bbb;07/10/2026;15:11:20;3344;svchost.exe;0.0;0.0;0.04;6.25
1;aaaa;bbb;07/10/2026;15:11:20;3372;RtkAudUService64.exe;0.0;0.0;0.03;4.39
1;aaaa;bbb;07/10/2026;15:11:20;3428;svchost.exe;0.0;0.0;0.09;14.54
1;aaaa;bbb;07/10/2026;15:11:20;3480;SynTPEnhService.exe;0.0;0.0;0.06;9.31
1;aaaa;bbb;07/10/2026;15:11:20;3572;amdfendrsr.exe;0.0;0.0;0.04;6.52
1;aaaa;bbb;07/10/2026;15:11:20;3584;atiesrxx.exe;0.0;0.0;0.04;6.34
1;aaaa;bbb;07/10/2026;15:11:20;3592;svchost.exe;0.0;0.0;0.11;17.0
1;aaaa;bbb;07/10/2026;15:11:20;3628;svchost.exe;0.0;0.0;0.04;6.2
1;aaaa;bbb;07/10/2026;15:11:20;3684;svchost.exe;0.0;0.0;0.04;6.71
1;aaaa;bbb;07/10/2026;15:11:20;3764;svchost.exe;0.0;0.0;0.14;21.07
1;aaaa;bbb;07/10/2026;15:11:20;3868;svchost.exe;0.0;0.0;0.04;5.61
1;aaaa;bbb;07/10/2026;15:11:20;3872;svchost.exe;0.0;0.0;0.08;11.92
1;aaaa;bbb;07/10/2026;15:11:20;3884;svchost.exe;0.0;0.0;0.05;7.06
1;aaaa;bbb;07/10/2026;15:11:20;3892;msedgewebview2.exe;0.0;0.0;0.27;41.74
1;aaaa;bbb;07/10/2026;15:11:20;3912;wslinstaller.exe;0.0;0.0;0.07;11.07
1;aaaa;bbb;07/10/2026;15:11:20;3976;MemCompression;0.0;0.0;1.29;200.82
1;aaaa;bbb;07/10/2026;15:11:20;4020;svchost.exe;0.0;0.0;0.05;8.02
1;aaaa;bbb;07/10/2026;15:11:20;4040;opera.exe;0.0;0.0;0.41;64.43
1;aaaa;bbb;07/10/2026;15:11:20;4068;svchost.exe;0.0;0.0;0.05;8.2
1;aaaa;bbb;07/10/2026;15:11:20;4076;svchost.exe;0.0;0.0;0.06;9.67
1;aaaa;bbb;07/10/2026;15:11:20;4088;taskhostw.exe;0.0;0.0;0.14;21.28
1;aaaa;bbb;07/10/2026;15:11:20;4216;Code.exe;0.0;0.0;0.75;116.42
1;aaaa;bbb;07/10/2026;15:11:20;4224;mysqld.exe;0.0;0.0;0.06;9.62
1;aaaa;bbb;07/10/2026;15:11:20;4248;svchost.exe;0.0;0.0;0.12;19.36
1;aaaa;bbb;07/10/2026;15:11:20;4292;svchost.exe;0.0;0.0;0.06;9.69
1;aaaa;bbb;07/10/2026;15:11:20;4360;svchost.exe;0.0;0.0;0.14;21.94
1;aaaa;bbb;07/10/2026;15:11:20;4384;svchost.exe;0.0;0.0;0.07;11.02
1;aaaa;bbb;07/10/2026;15:11:20;4536;PowerMgr.exe;0.0;0.0;0.03;5.03
1;aaaa;bbb;07/10/2026;15:11:20;4584;wlanext.exe;0.0;0.0;0.04;5.8
1;aaaa;bbb;07/10/2026;15:11:20;4596;spoolsv.exe;0.0;0.0;0.12;17.98
1;aaaa;bbb;07/10/2026;15:11:20;4612;conhost.exe;0.0;0.0;0.03;5.3
1;aaaa;bbb;07/10/2026;15:11:20;4732;svchost.exe;0.0;0.0;0.1;14.88
1;aaaa;bbb;07/10/2026;15:11:20;4832;svchost.exe;0.0;0.0;0.05;7.42
1;aaaa;bbb;07/10/2026;15:11:20;4936;svchost.exe;0.0;0.0;0.1;15.78
1;aaaa;bbb;07/10/2026;15:11:20;4948;svchost.exe;0.0;0.0;0.27;41.43
1;aaaa;bbb;07/10/2026;15:11:20;4956;FMService64.exe;0.0;0.0;0.05;7.53
1;aaaa;bbb;07/10/2026;15:11:20;4964;ibmpmsvc.exe;0.0;0.0;0.04;5.77
1;aaaa;bbb;07/10/2026;15:11:20;4992;SynRpcServer.exe;0.0;0.0;0.02;3.48
1;aaaa;bbb;07/10/2026;15:11:20;5004;SmartStandby.exe;0.0;0.0;0.04;6.11
1;aaaa;bbb;07/10/2026;15:11:20;5020;svchost.exe;0.0;0.0;0.23;36.41
1;aaaa;bbb;07/10/2026;15:11:20;5028;RtkAudUService64.exe;0.0;0.0;0.09;14.32
1;aaaa;bbb;07/10/2026;15:11:20;5040;svchost.exe;0.0;0.0;0.06;9.92
1;aaaa;bbb;07/10/2026;15:11:20;5048;MpDefenderCoreService.exe;0.0;0.0;0.13;20.11
1;aaaa;bbb;07/10/2026;15:11:20;5060;svchost.exe;0.0;0.0;0.13;20.33
1;aaaa;bbb;07/10/2026;15:11:20;5072;svchost.exe;0.0;0.0;0.03;5.36
1;aaaa;bbb;07/10/2026;15:11:20;5088;DAX3API.exe;0.0;0.0;0.1;15.11
1;aaaa;bbb;07/10/2026;15:11:20;5100;LITSSvc.exe;0.0;0.0;0.05;7.77
1;aaaa;bbb;07/10/2026;15:11:20;5112;MsMpEng.exe;0.0;0.0;2.24;348.67
1;aaaa;bbb;07/10/2026;15:11:20;5188;AggregatorHost.exe;0.0;0.0;0.07;10.83
1;aaaa;bbb;07/10/2026;15:11:20;5312;dllhost.exe;0.0;0.0;0.05;7.54
1;aaaa;bbb;07/10/2026;15:11:20;5412;mysqld.exe;0.0;0.0;0.38;58.67
1;aaaa;bbb;07/10/2026;15:11:20;5420;conhost.exe;0.0;0.0;0.05;7.49
1;aaaa;bbb;07/10/2026;15:11:20;5488;dasHost.exe;0.0;0.0;0.03;4.37
1;aaaa;bbb;07/10/2026;15:11:20;5516;tphkload.exe;0.0;0.0;0.07;11.66
1;aaaa;bbb;07/10/2026;15:11:20;5592;svchost.exe;0.0;0.0;0.06;8.61
1;aaaa;bbb;07/10/2026;15:11:20;6200;svchost.exe;0.0;0.0;0.05;8.45
1;aaaa;bbb;07/10/2026;15:11:20;6208;svchost.exe;0.0;0.0;0.04;6.91
1;aaaa;bbb;07/10/2026;15:11:20;6228;WmiPrvSE.exe;0.0;0.0;0.22;33.95
1;aaaa;bbb;07/10/2026;15:11:20;6296;svchost.exe;0.0;0.0;0.06;9.15
1;aaaa;bbb;07/10/2026;15:11:20;6448;DAX3API.exe;0.0;0.0;0.07;11.29
1;aaaa;bbb;07/10/2026;15:11:20;6460;svchost.exe;0.0;0.0;0.04;6.31
1;aaaa;bbb;07/10/2026;15:11:20;6492;Code.exe;0.0;0.0;1.99;310.63
1;aaaa;bbb;07/10/2026;15:11:20;6496;svchost.exe;0.0;0.0;0.12;18.7
1;aaaa;bbb;07/10/2026;15:11:20;6536;atieclxx.exe;0.0;0.0;0.1;15.75
1;aaaa;bbb;07/10/2026;15:11:20;6644;svchost.exe;0.0;0.0;0.07;10.26
1;aaaa;bbb;07/10/2026;15:11:20;6648;svchost.exe;0.0;0.0;0.04;5.46
1;aaaa;bbb;07/10/2026;15:11:20;6660;sihost.exe;0.0;0.0;0.23;35.26
1;aaaa;bbb;07/10/2026;15:11:20;6796;svchost.exe;0.0;0.0;0.05;8.11
1;aaaa;bbb;07/10/2026;15:11:20;6804;DefenderSessionHelper.exe;0.0;0.0;0.04;5.5
1;aaaa;bbb;07/10/2026;15:11:20;6820;svchost.exe;0.0;0.0;0.16;24.56
1;aaaa;bbb;07/10/2026;15:11:20;6988;svchost.exe;0.0;0.0;0.09;14.61
1;aaaa;bbb;07/10/2026;15:11:20;7044;MoUsoCoreWorker.exe;0.0;0.0;0.19;30.2
1;aaaa;bbb;07/10/2026;15:11:20;7112;svchost.exe;0.0;0.0;0.25;38.77
1;aaaa;bbb;07/10/2026;15:11:20;7312;msedgewebview2.exe;0.0;0.0;0.48;74.65
1;aaaa;bbb;07/10/2026;15:11:20;7476;shtctky.exe;0.0;0.0;0.12;17.94
1;aaaa;bbb;07/10/2026;15:11:20;7604;explorer.exe;0.0;0.0;2.3;357.9
1;aaaa;bbb;07/10/2026;15:11:20;7612;SynTPHelper.exe;0.0;0.0;0.04;6.96
1;aaaa;bbb;07/10/2026;15:11:20;7736;svchost.exe;0.0;0.0;0.12;18.14
1;aaaa;bbb;07/10/2026;15:11:20;7768;svchost.exe;0.0;0.0;0.05;8.56
1;aaaa;bbb;07/10/2026;15:11:20;7824;SecurityHealthSystray.exe;0.0;0.0;0.07;10.44
1;aaaa;bbb;07/10/2026;15:11:20;7912;SecurityHealthService.exe;0.0;0.0;0.11;17.47
1;aaaa;bbb;07/10/2026;15:11:20;7960;conhost.exe;0.0;0.0;0.08;12.99
1;aaaa;bbb;07/10/2026;15:11:20;8040;svchost.exe;0.0;0.0;0.1;15.59
1;aaaa;bbb;07/10/2026;15:11:20;8160;SystemSettingsBroker.exe;0.0;0.0;0.2;30.7
1;aaaa;bbb;07/10/2026;15:11:20;8180;svchost.exe;0.0;0.0;0.05;8.44
1;aaaa;bbb;07/10/2026;15:11:20;8228;svchost.exe;0.0;0.0;0.09;13.91
1;aaaa;bbb;07/10/2026;15:11:20;8384;RtkAudUService64.exe;0.0;0.0;0.09;13.82
1;aaaa;bbb;07/10/2026;15:11:20;8452;svchost.exe;0.0;0.0;0.15;23.84
1;aaaa;bbb;07/10/2026;15:11:20;8608;svchost.exe;0.0;0.0;0.13;19.69
1;aaaa;bbb;07/10/2026;15:11:20;8836;svchost.exe;0.0;0.0;0.21;32.09
1;aaaa;bbb;07/10/2026;15:11:20;9152;rstudio.exe;0.0;0.0;1.03;161.09
1;aaaa;bbb;07/10/2026;15:11:20;9248;steamwebhelper.exe;0.0;0.0;0.23;36.43
1;aaaa;bbb;07/10/2026;15:11:20;9352;SearchHost.exe;0.0;0.0;0.66;102.23
1;aaaa;bbb;07/10/2026;15:11:20;9376;StartMenuExperienceHost.exe;0.0;0.0;0.67;104.62
1;aaaa;bbb;07/10/2026;15:11:20;9468;Widgets.exe;0.0;0.0;0.32;50.49
1;aaaa;bbb;07/10/2026;15:11:20;9488;RuntimeBroker.exe;0.0;0.0;0.23;36.33
1;aaaa;bbb;07/10/2026;15:11:20;9600;RuntimeBroker.exe;0.0;0.0;0.4;61.8
1;aaaa;bbb;07/10/2026;15:11:20;9704;WidgetService.exe;0.0;0.0;0.13;20.95
1;aaaa;bbb;07/10/2026;15:11:20;9772;svchost.exe;0.0;0.0;0.1;15.18
1;aaaa;bbb;07/10/2026;15:11:20;9780;svchost.exe;0.0;0.0;0.06;9.69
1;aaaa;bbb;07/10/2026;15:11:20;9820;svchost.exe;0.0;0.0;0.05;7.13
1;aaaa;bbb;07/10/2026;15:11:20;9868;msedgewebview2.exe;0.0;0.0;0.26;41.02
1;aaaa;bbb;07/10/2026;15:11:20;9876;conhost.exe;0.0;0.0;0.04;6.18
1;aaaa;bbb;07/10/2026;15:11:20;9940;CodeSetup-stable-2a59476c9bfcb90b3ddc372c36762471b7dfad1c.tmp;0.0;0.0;0.18;27.58
1;aaaa;bbb;07/10/2026;15:11:20;9964;svchost.exe;0.0;0.0;0.13;19.7
1;aaaa;bbb;07/10/2026;15:11:20;10160;msedgewebview2.exe;0.0;0.0;0.15;22.95
1;aaaa;bbb;07/10/2026;15:11:20;10172;dllhost.exe;0.0;0.0;0.12;19.17
1;aaaa;bbb;07/10/2026;15:11:20;10280;svchost.exe;0.0;0.0;0.08;13.11
1;aaaa;bbb;07/10/2026;15:11:20;10300;svchost.exe;0.0;0.0;0.08;11.8
1;aaaa;bbb;07/10/2026;15:11:20;10516;DataExchangeHost.exe;0.0;0.0;0.11;16.77
1;aaaa;bbb;07/10/2026;15:11:20;10616;TextInputHost.exe;0.0;0.0;0.68;105.94
1;aaaa;bbb;07/10/2026;15:11:20;10796;opera.exe;0.0;0.0;0.19;30.12
1;aaaa;bbb;07/10/2026;15:11:20;11052;Code.exe;0.0;0.0;0.88;137.89
1;aaaa;bbb;07/10/2026;15:11:20;11080;NisSrv.exe;0.0;0.0;0.07;11.02
1;aaaa;bbb;07/10/2026;15:11:20;11088;ctfmon.exe;0.0;0.0;0.2;31.03
1;aaaa;bbb;07/10/2026;15:11:20;11244;SearchIndexer.exe;0.0;0.0;0.25;38.75
1;aaaa;bbb;07/10/2026;15:11:20;11268;svchost.exe;0.0;0.0;0.1;15.63
1;aaaa;bbb;07/10/2026;15:11:20;11388;svchost.exe;0.0;0.0;0.09;14.39
1;aaaa;bbb;07/10/2026;15:11:20;11572;RuntimeBroker.exe;0.0;0.0;0.24;37.09
1;aaaa;bbb;07/10/2026;15:11:20;11600;steamwebhelper.exe;0.0;0.0;0.96;150.28
1;aaaa;bbb;07/10/2026;15:11:20;11684;svchost.exe;0.0;0.0;0.05;7.05
1;aaaa;bbb;07/10/2026;15:11:20;11756;svchost.exe;0.0;0.0;0.04;6.89
1;aaaa;bbb;07/10/2026;15:11:20;11812;LockApp.exe;0.0;0.0;0.39;61.01
1;aaaa;bbb;07/10/2026;15:11:20;12004;opera_crashreporter.exe;0.0;0.0;0.06;8.91
1;aaaa;bbb;07/10/2026;15:11:20;12212;steamservice.exe;0.0;0.0;0.08;12.86
1;aaaa;bbb;07/10/2026;15:11:20;12216;steam.exe;0.0;0.0;0.56;86.98
1;aaaa;bbb;07/10/2026;15:11:20;12248;opera.exe;0.0;0.0;4.95;771.51
1;aaaa;bbb;07/10/2026;15:11:20;12536;CastSrv.exe;0.0;0.0;0.08;12.13
1;aaaa;bbb;07/10/2026;15:11:20;12648;opera.exe;0.0;0.0;1.28;199.16
1;aaaa;bbb;07/10/2026;15:11:20;12964;conhost.exe;0.0;0.0;0.04;6.08
1;aaaa;bbb;07/10/2026;15:11:20;13112;msedgewebview2.exe;0.0;0.0;0.0;0.02
1;aaaa;bbb;07/10/2026;15:11:20;13372;opera.exe;0.0;0.0;3.35;522.53
1;aaaa;bbb;07/10/2026;15:11:20;13532;opera.exe;0.0;0.0;1.63;253.66
1;aaaa;bbb;07/10/2026;15:11:20;13568;opera.exe;0.0;0.0;0.14;22.24
1;aaaa;bbb;07/10/2026;15:11:20;13684;svchost.exe;0.0;0.0;0.06;10.01
1;aaaa;bbb;07/10/2026;15:11:20;13900;UserOOBEBroker.exe;0.0;0.0;0.06;9.17
1;aaaa;bbb;07/10/2026;15:11:20;13904;svchost.exe;0.0;0.0;0.15;23.41
1;aaaa;bbb;07/10/2026;15:11:20;14188;opera.exe;0.0;0.0;1.81;282.75
1;aaaa;bbb;07/10/2026;15:11:20;14472;msedgewebview2.exe;0.0;0.0;0.25;38.23
1;aaaa;bbb;07/10/2026;15:11:20;14652;msedgewebview2.exe;0.0;0.0;0.09;14.1
1;aaaa;bbb;07/10/2026;15:11:20;14748;opera.exe;0.0;0.0;1.7;265.5
1;aaaa;bbb;07/10/2026;15:11:20;14780;opera.exe;0.0;0.0;0.12;18.96
1;aaaa;bbb;07/10/2026;15:11:20;14960;jetbrains-toolbox.exe;0.0;0.0;2.14;333.54
1;aaaa;bbb;07/10/2026;15:11:20;15088;svchost.exe;0.0;0.0;0.09;13.48
1;aaaa;bbb;07/10/2026;15:11:20;15352;opera.exe;0.0;0.0;2.08;324.42
1;aaaa;bbb;07/10/2026;15:11:20;15428;Code.exe;0.0;0.0;0.75;116.71
1;aaaa;bbb;07/10/2026;15:11:20;15544;jetbrainsd.exe;0.0;0.0;0.26;41.24
1;aaaa;bbb;07/10/2026;15:11:20;15656;steamwebhelper.exe;0.0;0.0;0.33;51.0
1;aaaa;bbb;07/10/2026;15:11:20;15740;steamwebhelper.exe;0.0;0.0;0.17;27.21
1;aaaa;bbb;07/10/2026;15:11:20;15840;steamwebhelper.exe;0.0;0.0;0.09;13.8
1;aaaa;bbb;07/10/2026;15:11:20;15972;browser_assistant.exe;0.0;0.0;0.09;13.54
1;aaaa;bbb;07/10/2026;15:11:20;16052;OpenConsole.exe;0.0;0.0;0.06;8.97
1;aaaa;bbb;07/10/2026;15:11:20;16224;steamwebhelper.exe;0.0;0.0;0.74;115.4
1;aaaa;bbb;07/10/2026;15:11:20;16516;powershell.exe;0.0;0.0;0.33;50.97
1;aaaa;bbb;07/10/2026;15:11:20;16540;rstudio.exe;0.0;0.0;0.71;110.33
1;aaaa;bbb;07/10/2026;15:11:20;16632;msedgewebview2.exe;0.0;0.0;0.13;20.73
1;aaaa;bbb;07/10/2026;15:11:20;16684;AMDRSSrcExt.exe;0.0;0.0;0.28;43.28
1;aaaa;bbb;07/10/2026;15:11:20;16936;wslservice.exe;0.0;0.0;0.16;24.4
1;aaaa;bbb;07/10/2026;15:11:20;17144;RadeonSoftware.exe;0.0;0.0;0.17;27.06
1;aaaa;bbb;07/10/2026;15:11:20;17164;opera.exe;0.0;0.0;2.4;374.73
1;aaaa;bbb;07/10/2026;15:11:20;17596;msedgewebview2.exe;0.0;0.0;0.12;18.86
1;aaaa;bbb;07/10/2026;15:11:20;17664;LinkedIn.exe;0.0;0.0;0.58;90.6
1;aaaa;bbb;07/10/2026;15:11:20;17812;msedgewebview2.exe;0.0;0.0;0.0;0.58
1;aaaa;bbb;07/10/2026;15:11:20;17876;cncmd.exe;0.0;0.0;0.04;6.13
1;aaaa;bbb;07/10/2026;15:11:20;18012;AMDRSServ.exe;0.0;0.0;0.28;43.99
1;aaaa;bbb;07/10/2026;15:11:20;18096;RuntimeBroker.exe;0.0;0.0;0.07;10.6
1;aaaa;bbb;07/10/2026;15:11:20;18136;RuntimeBroker.exe;0.0;0.0;0.23;36.41
1;aaaa;bbb;07/10/2026;15:11:20;18156;CrossDeviceService.exe;0.0;0.0;0.45;69.96
1;aaaa;bbb;07/10/2026;15:11:20;18180;msedgewebview2.exe;0.0;0.0;0.77;119.78
1;aaaa;bbb;07/10/2026;15:11:20;18220;msedgewebview2.exe;0.0;0.0;0.09;14.13
1;aaaa;bbb;07/10/2026;15:11:20;18408;msedgewebview2.exe;0.0;0.0;0.47;73.06
1;aaaa;bbb;07/10/2026;15:11:20;18416;msedgewebview2.exe;0.0;0.0;0.29;45.71
1;aaaa;bbb;07/10/2026;15:11:20;18444;msedgewebview2.exe;0.0;0.0;1.44;225.03
1;aaaa;bbb;07/10/2026;15:11:20;18548;msedgewebview2.exe;0.0;0.0;0.14;22.29
1;aaaa;bbb;07/10/2026;15:11:20;18600;opera.exe;0.0;0.0;3.15;491.52
1;aaaa;bbb;07/10/2026;15:11:20;18632;RuntimeBroker.exe;0.0;0.0;0.07;10.38
1;aaaa;bbb;07/10/2026;15:11:20;18644;svchost.exe;0.0;0.0;0.09;13.99
1;aaaa;bbb;07/10/2026;15:11:20;18756;TranslucentTB.exe;0.0;0.0;0.25;39.61
1;aaaa;bbb;07/10/2026;15:11:20;18784;svchost.exe;0.0;0.0;0.18;27.74
1;aaaa;bbb;07/10/2026;15:11:20;18840;RuntimeBroker.exe;0.0;0.0;0.07;10.9
1;aaaa;bbb;07/10/2026;15:11:20;18856;msedge.exe;0.0;0.0;0.79;122.91
1;aaaa;bbb;07/10/2026;15:11:20;18940;msedgewebview2.exe;0.0;0.0;0.41;63.82
1;aaaa;bbb;07/10/2026;15:11:20;18956;msedgewebview2.exe;0.0;0.0;0.01;1.62
1;aaaa;bbb;07/10/2026;15:11:20;18992;RuntimeBroker.exe;0.0;0.0;0.07;10.91
1;aaaa;bbb;07/10/2026;15:11:20;19128;Lively.exe;0.0;0.0;0.51;79.2
1;aaaa;bbb;07/10/2026;15:11:20;19232;vmcompute.exe;0.0;0.0;0.08;12.6
1;aaaa;bbb;07/10/2026;15:11:20;19496;python.exe;0.0;0.0;0.1;15.91
1;aaaa;bbb;07/10/2026;15:11:20;19616;dllhost.exe;0.0;0.0;0.07;10.23
1;aaaa;bbb;07/10/2026;15:11:20;19940;backgroundTaskHost.exe;0.0;0.0;0.01;1.82
1;aaaa;bbb;07/10/2026;15:11:20;19944;ApplicationFrameHost.exe;0.0;0.0;0.2;31.59
1;aaaa;bbb;07/10/2026;15:11:20;20060;svchost.exe;0.0;0.0;0.07;11.03
1;aaaa;bbb;07/10/2026;15:11:20;20164;pet.exe;0.0;0.0;0.05;8.17
1;aaaa;bbb;07/10/2026;15:11:20;20188;svchost.exe;0.0;0.0;0.13;20.05
1;aaaa;bbb;07/10/2026;15:11:20;20376;powershell.exe;0.0;0.0;0.32;49.8
1;aaaa;bbb;07/10/2026;15:11:20;20508;StoreDesktopExtension.exe;0.0;0.0;0.1;15.9
1;aaaa;bbb;07/10/2026;15:11:20;20516;conhost.exe;0.0;0.0;0.04;6.17
1;aaaa;bbb;07/10/2026;15:11:20;20632;dllhost.exe;0.0;0.0;0.06;9.75
1;aaaa;bbb;07/10/2026;15:11:20;20948;svchost.exe;0.0;0.0;0.05;8.32
1;aaaa;bbb;07/10/2026;15:11:20;21172;FileCoAuth.exe;0.0;0.0;0.19;30.35
1;aaaa;bbb;07/10/2026;15:11:20;21492;svchost.exe;0.0;0.0;0.07;11.17
1;aaaa;bbb;07/10/2026;15:11:20;21568;msedgewebview2.exe;0.0;0.0;0.17;26.48
1;aaaa;bbb;07/10/2026;15:11:20;21656;msedgewebview2.exe;0.0;0.0;0.09;13.82
1;aaaa;bbb;07/10/2026;15:11:20;21748;rsession-utf8.exe;0.0;0.0;0.34;53.44
1;aaaa;bbb;07/10/2026;15:11:20;22348;OneDrive.exe;0.0;0.0;0.7;109.77
1;aaaa;bbb;07/10/2026;15:11:20;22500;PhoneExperienceHost.exe;0.0;0.0;0.9;140.06
1;aaaa;bbb;07/10/2026;15:11:20;22560;dllhost.exe;0.0;0.0;0.06;9.18
1;aaaa;bbb;07/10/2026;15:11:20;22584;svchost.exe;0.0;0.0;0.07;11.58
1;aaaa;bbb;07/10/2026;15:11:20;22708;RuntimeBroker.exe;0.0;0.0;0.1;15.54
1;aaaa;bbb;07/10/2026;15:11:20;23224;opera.exe;0.0;0.0;1.79;278.81
1;aaaa;bbb;07/10/2026;15:11:20;23452;RuntimeBroker.exe;0.0;0.0;0.05;7.63
1;aaaa;bbb;07/10/2026;15:11:20;23988;msedgewebview2.exe;0.0;0.0;0.08;12.25
1;aaaa;bbb;07/10/2026;15:11:20;24008;msedgewebview2.exe;0.0;0.0;0.1;14.81
1;aaaa;bbb;07/10/2026;15:11:20;24072;conhost.exe;0.0;0.0;0.04;6.22
1;aaaa;bbb;07/10/2026;15:11:20;24172;msedgewebview2.exe;0.0;0.0;0.04;6.21
1;aaaa;bbb;07/10/2026;15:11:20;24196;MoNotificationUx.exe;0.0;0.0;0.07;11.12
1;aaaa;bbb;07/10/2026;15:11:20;25116;svchost.exe;0.0;0.0;0.06;9.98
1;aaaa;bbb;07/10/2026;15:11:20;25304;opera.exe;0.0;0.0;2.08;324.81
1;aaaa;bbb;07/10/2026;15:11:20;25764;backgroundTaskHost.exe;0.0;0.0;0.01;1.83
1;aaaa;bbb;07/10/2026;15:11:20;26264;msedge.exe;0.0;0.0;0.07;10.14
1;aaaa;bbb;07/10/2026;15:11:20;26512;OpenConsole.exe;0.0;0.0;0.05;8.53
1;aaaa;bbb;07/10/2026;15:11:20;26608;copilot-runtime.exe;0.0;0.0;0.15;23.02
1;aaaa;bbb;07/10/2026;15:11:20;26628;taskhostw.exe;0.0;0.0;0.14;22.41
1;aaaa;bbb;07/10/2026;15:11:20;26896;WUDFHost.exe;0.0;0.0;0.06;9.52
1;aaaa;bbb;07/10/2026;15:11:20;27232;opera.exe;0.0;0.0;5.54;863.91
1;aaaa;bbb;07/10/2026;15:11:20;27836;ssh.exe;0.0;0.0;0.08;12.01
1;aaaa;bbb;07/10/2026;15:11:20;27960;SystemSettings.exe;0.0;0.0;0.02;2.62
1;aaaa;bbb;07/10/2026;15:11:20;28248;svchost.exe;0.0;0.0;0.06;8.96
1;aaaa;bbb;07/10/2026;15:11:20;28516;Code.exe;0.0;0.0;2.26;351.85
1;aaaa;bbb;07/10/2026;15:11:20;29384;powershell.exe;0.0;0.0;0.32;49.74
1;aaaa;bbb;07/10/2026;15:11:20;29420;svchost.exe;0.0;0.0;0.08;12.69
1;aaaa;bbb;07/10/2026;15:11:20;29440;opera.exe;0.0;0.0;0.22;33.54
1;aaaa;bbb;07/10/2026;15:11:20;29596;CodeSetup-stable-2a59476c9bfcb90b3ddc372c36762471b7dfad1c.exe;0.0;0.0;0.06;9.22
1;aaaa;bbb;07/10/2026;15:11:20;30192;Code.exe;0.0;0.0;0.78;122.1
1;aaaa;bbb;07/10/2026;15:11:20;30512;Code.exe;0.0;0.0;0.32;49.67
1;aaaa;bbb;07/10/2026;15:11:20;31032;Code.exe;0.0;0.0;0.83;129.71
1;aaaa;bbb;07/10/2026;15:11:20;31092;SnippingTool.exe;0.0;0.0;1.09;169.34
1;aaaa;bbb;07/10/2026;15:11:20;31100;opera.exe;0.0;0.0;4.48;698.68
1;aaaa;bbb;07/10/2026;15:11:20;31176;Code.exe;0.0;0.0;1.02;159.68
1;aaaa;bbb;07/10/2026;15:11:20;31368;Code.exe;0.0;0.0;0.19;29.88
1;aaaa;bbb;07/10/2026;15:11:20;31468;dllhost.exe;0.0;0.0;0.05;8.19
1;aaaa;bbb;07/10/2026;15:11:20;31696;Code.exe;0.0;0.0;1.27;198.13
1;aaaa;bbb;07/10/2026;15:11:20;31748;Code.exe;0.0;0.0;3.38;526.55
1;aaaa;bbb;07/10/2026;15:11:20;31820;powershell.exe;0.0;0.0;0.39;61.11
1;aaaa;bbb;07/10/2026;15:11:20;32076;WUDFHost.exe;0.0;0.0;0.04;6.04
1;aaaa;bbb;07/10/2026;15:11:20;32452;rstudio.exe;0.0;0.0;0.29;45.39
1;aaaa;bbb;07/10/2026;15:11:20;33268;Code.exe;0.0;0.0;0.65;101.95
1;aaaa;bbb;07/10/2026;15:11:20;33508;conhost.exe;0.0;0.0;0.05;8.25
1;aaaa;bbb;07/10/2026;15:11:20;33564;OpenConsole.exe;0.0;0.0;0.05;8.57
1;aaaa;bbb;07/10/2026;15:11:20;33684;git-bash.exe;0.0;0.0;0.03;5.26
1;aaaa;bbb;07/10/2026;15:11:20;34568;Code.exe;0.0;0.0;0.61;95.81
1;aaaa;bbb;07/10/2026;15:11:20;34572;svchost.exe;0.0;0.0;0.05;7.51
1;aaaa;bbb;07/10/2026;15:11:20;34748;rstudio.exe;0.0;0.0;0.69;107.76
1;aaaa;bbb;07/10/2026;15:11:20;35460;git-bash.exe;0.0;0.0;0.03;4.59
1;aaaa;bbb;07/10/2026;15:11:20;35892;mintty.exe;0.0;0.0;0.15;23.45
1;aaaa;bbb;07/10/2026;15:11:20;36064;conhost.exe;0.0;0.0;0.06;8.9
1;aaaa;bbb;07/10/2026;15:11:20;36172;bash.exe;0.0;0.0;0.06;8.86
1;aaaa;bbb;07/10/2026;15:11:20;36204;mintty.exe;0.0;0.0;0.12;19.2
1;aaaa;bbb;07/10/2026;15:11:20;36600;audiodg.exe;0.0;0.0;0.12;18.22
1;aaaa;bbb;07/10/2026;15:11:20;36900;Code.exe;0.0;0.0;2.35;366.04
1;aaaa;bbb;07/10/2026;15:11:20;37156;opera.exe;0.0;0.0;1.96;306.02
1;aaaa;bbb;07/10/2026;15:11:20;37732;bash.exe;0.0;0.0;0.07;10.54
1;aaaa;bbb;07/10/2026;15:11:20;38080;powershell.exe;0.0;0.0;0.32;49.79
1;aaaa;bbb;07/10/2026;15:11:20;38204;Code.exe;0.0;0.0;0.67;104.49
1;aaaa;bbb;07/10/2026;15:11:20;38964;Code.exe;0.0;0.0;2.55;397.82
1;aaaa;bbb;07/10/2026;15:11:20;40204;opera.exe;0.0;0.0;1.84;287.46
1;aaaa;bbb;07/10/2026;15:11:20;40820;opera.exe;0.0;0.0;4.67;728.16
1;aaaa;bbb;07/10/2026;15:11:20;40844;OpenConsole.exe;0.0;0.0;0.05;8.56
1;aaaa;bbb;07/10/2026;15:11:20;41220;Code.exe;0.0;0.0;0.83;128.7
1;aaaa;bbb;07/10/2026;15:11:20;41860;msedge.exe;0.0;0.0;0.24;36.89
1;aaaa;bbb;07/10/2026;15:11:20;42452;powershell.exe;0.0;0.0;0.51;80.24
1;aaaa;bbb;07/10/2026;15:11:20;42464;opera.exe;0.0;0.0;2.06;321.87
1;aaaa;bbb;07/10/2026;15:11:20;42972;OneDrive.Sync.Service.exe;0.0;0.0;0.39;60.85
2;aaaa;bbb;07/10/2026;15:11:33;4;System;1.4;0.12;0.0;0.14
2;aaaa;bbb;07/10/2026;15:11:33;8;csrss.exe;0.0;0.0;0.03;4.77
2;aaaa;bbb;07/10/2026;15:11:33;140;;0.0;0.0;0.31;47.74
2;aaaa;bbb;07/10/2026;15:11:33;160;msedge.exe;0.0;0.0;0.11;16.98
2;aaaa;bbb;07/10/2026;15:11:33;176;Registry;0.0;0.0;0.18;27.52
2;aaaa;bbb;07/10/2026;15:11:33;660;smss.exe;0.0;0.0;0.01;1.09
2;aaaa;bbb;07/10/2026;15:11:33;724;svchost.exe;0.0;0.0;0.11;17.42
2;aaaa;bbb;07/10/2026;15:11:33;1176;wininit.exe;0.0;0.0;0.04;5.8
2;aaaa;bbb;07/10/2026;15:11:33;1200;csrss.exe;0.1;0.01;0.15;22.77
2;aaaa;bbb;07/10/2026;15:11:33;1256;services.exe;0.0;0.0;0.09;14.42
2;aaaa;bbb;07/10/2026;15:11:33;1292;winlogon.exe;0.0;0.0;0.07;10.78
2;aaaa;bbb;07/10/2026;15:11:33;1324;LsaIso.exe;0.0;0.0;0.02;3.24
2;aaaa;bbb;07/10/2026;15:11:33;1344;lsass.exe;0.0;0.0;0.19;29.11
2;aaaa;bbb;07/10/2026;15:11:33;1472;svchost.exe;0.0;0.0;0.04;6.52
2;aaaa;bbb;07/10/2026;15:11:33;1480;ShellExperienceHost.exe;0.0;0.0;0.49;76.01
2;aaaa;bbb;07/10/2026;15:11:33;1484;svchost.exe;0.0;0.0;0.22;34.85
2;aaaa;bbb;07/10/2026;15:11:33;1512;fontdrvhost.exe;0.0;0.0;0.02;3.3
2;aaaa;bbb;07/10/2026;15:11:33;1516;fontdrvhost.exe;0.0;0.0;0.06;8.83
2;aaaa;bbb;07/10/2026;15:11:33;1544;WUDFHost.exe;0.0;0.0;0.03;5.04
2;aaaa;bbb;07/10/2026;15:11:33;1660;svchost.exe;0.0;0.0;0.14;21.57
2;aaaa;bbb;07/10/2026;15:11:33;1724;svchost.exe;0.0;0.0;0.06;8.76
2;aaaa;bbb;07/10/2026;15:11:33;1756;wallpaper64.exe;0.0;0.0;1.37;213.64
2;aaaa;bbb;07/10/2026;15:11:33;1828;opera.exe;0.0;0.0;1.75;272.26
2;aaaa;bbb;07/10/2026;15:11:33;1844;svchost.exe;0.0;0.0;0.03;5.04
2;aaaa;bbb;07/10/2026;15:11:33;1860;svchost.exe;0.0;0.0;0.05;7.41
2;aaaa;bbb;07/10/2026;15:11:33;1888;svchost.exe;0.0;0.0;0.05;8.48
2;aaaa;bbb;07/10/2026;15:11:33;1904;svchost.exe;0.0;0.0;0.07;11.56
2;aaaa;bbb;07/10/2026;15:11:33;1924;svchost.exe;0.0;0.0;0.09;13.76
2;aaaa;bbb;07/10/2026;15:11:33;2016;msedgewebview2.exe;0.0;0.0;0.05;7.46
2;aaaa;bbb;07/10/2026;15:11:33;2024;svchost.exe;0.0;0.0;0.07;10.35
2;aaaa;bbb;07/10/2026;15:11:33;2056;svchost.exe;0.0;0.0;0.06;9.73
2;aaaa;bbb;07/10/2026;15:11:33;2064;svchost.exe;0.0;0.0;0.06;9.21
2;aaaa;bbb;07/10/2026;15:11:33;2260;svchost.exe;0.0;0.0;0.05;7.73
2;aaaa;bbb;07/10/2026;15:11:33;2268;svchost.exe;0.0;0.0;0.05;8.12
2;aaaa;bbb;07/10/2026;15:11:33;2280;svchost.exe;0.0;0.0;0.13;19.67
2;aaaa;bbb;07/10/2026;15:11:33;2476;tposd.exe;0.0;0.0;0.1;15.27
2;aaaa;bbb;07/10/2026;15:11:33;2548;svchost.exe;0.0;0.0;0.06;9.17
2;aaaa;bbb;07/10/2026;15:11:33;2560;svchost.exe;0.0;0.0;0.09;14.79
2;aaaa;bbb;07/10/2026;15:11:33;2580;msedge.exe;0.0;0.0;0.2;30.57
2;aaaa;bbb;07/10/2026;15:11:33;2596;svchost.exe;0.0;0.0;0.05;7.21
2;aaaa;bbb;07/10/2026;15:11:33;2616;browser_assistant.exe;0.0;0.0;0.16;25.56
2;aaaa;bbb;07/10/2026;15:11:33;2752;steamwebhelper.exe;0.0;0.0;0.07;11.51
2;aaaa;bbb;07/10/2026;15:11:33;2804;svchost.exe;0.0;0.0;0.08;12.61
2;aaaa;bbb;07/10/2026;15:11:33;2836;SynTPEnh.exe;0.0;0.0;0.18;27.5
2;aaaa;bbb;07/10/2026;15:11:33;2928;svchost.exe;0.0;0.0;0.06;9.52
2;aaaa;bbb;07/10/2026;15:11:33;3044;svchost.exe;0.0;0.0;0.08;11.95
2;aaaa;bbb;07/10/2026;15:11:33;3052;svchost.exe;0.0;0.0;0.06;8.79
2;aaaa;bbb;07/10/2026;15:11:33;3128;dwm.exe;3.4;0.28;0.91;142.09
2;aaaa;bbb;07/10/2026;15:11:33;3180;svchost.exe;0.0;0.0;0.1;15.82
2;aaaa;bbb;07/10/2026;15:11:33;3216;M365Copilot.exe;0.0;0.0;0.45;70.92
2;aaaa;bbb;07/10/2026;15:11:33;3224;unsecapp.exe;0.0;0.0;0.05;7.72
2;aaaa;bbb;07/10/2026;15:11:33;3320;svchost.exe;0.0;0.0;0.05;7.55
2;aaaa;bbb;07/10/2026;15:11:33;3344;svchost.exe;0.0;0.0;0.04;6.25
2;aaaa;bbb;07/10/2026;15:11:33;3372;RtkAudUService64.exe;0.0;0.0;0.03;4.39
2;aaaa;bbb;07/10/2026;15:11:33;3428;svchost.exe;0.0;0.0;0.09;14.54
2;aaaa;bbb;07/10/2026;15:11:33;3480;SynTPEnhService.exe;0.0;0.0;0.06;9.31
2;aaaa;bbb;07/10/2026;15:11:33;3572;amdfendrsr.exe;0.0;0.0;0.04;6.52
2;aaaa;bbb;07/10/2026;15:11:33;3584;atiesrxx.exe;0.0;0.0;0.04;6.34
2;aaaa;bbb;07/10/2026;15:11:33;3592;svchost.exe;0.0;0.0;0.11;17.0
2;aaaa;bbb;07/10/2026;15:11:33;3628;svchost.exe;0.0;0.0;0.04;6.2
2;aaaa;bbb;07/10/2026;15:11:33;3684;svchost.exe;0.0;0.0;0.04;6.71
2;aaaa;bbb;07/10/2026;15:11:33;3764;svchost.exe;0.0;0.0;0.14;21.07
2;aaaa;bbb;07/10/2026;15:11:33;3868;svchost.exe;0.0;0.0;0.04;5.61
2;aaaa;bbb;07/10/2026;15:11:33;3872;svchost.exe;0.0;0.0;0.08;11.93
2;aaaa;bbb;07/10/2026;15:11:33;3884;svchost.exe;0.0;0.0;0.05;7.06
2;aaaa;bbb;07/10/2026;15:11:33;3892;msedgewebview2.exe;0.0;0.0;0.27;41.74
2;aaaa;bbb;07/10/2026;15:11:33;3912;wslinstaller.exe;0.0;0.0;0.07;11.07
2;aaaa;bbb;07/10/2026;15:11:33;3976;MemCompression;0.0;0.0;1.29;200.86
2;aaaa;bbb;07/10/2026;15:11:33;4020;svchost.exe;0.0;0.0;0.05;8.02
2;aaaa;bbb;07/10/2026;15:11:33;4040;opera.exe;0.0;0.0;0.41;64.52
2;aaaa;bbb;07/10/2026;15:11:33;4068;svchost.exe;0.0;0.0;0.05;8.2
2;aaaa;bbb;07/10/2026;15:11:33;4076;svchost.exe;0.0;0.0;0.06;9.67
2;aaaa;bbb;07/10/2026;15:11:33;4088;taskhostw.exe;0.0;0.0;0.14;21.28
2;aaaa;bbb;07/10/2026;15:11:33;4216;Code.exe;0.0;0.0;0.74;116.13
2;aaaa;bbb;07/10/2026;15:11:33;4224;mysqld.exe;0.0;0.0;0.06;9.62
2;aaaa;bbb;07/10/2026;15:11:33;4248;svchost.exe;0.0;0.0;0.12;19.36
2;aaaa;bbb;07/10/2026;15:11:33;4292;svchost.exe;0.0;0.0;0.06;9.69
2;aaaa;bbb;07/10/2026;15:11:33;4360;svchost.exe;0.0;0.0;0.14;21.95
2;aaaa;bbb;07/10/2026;15:11:33;4384;svchost.exe;0.0;0.0;0.07;11.02
2;aaaa;bbb;07/10/2026;15:11:33;4536;PowerMgr.exe;0.0;0.0;0.03;5.03
2;aaaa;bbb;07/10/2026;15:11:33;4584;wlanext.exe;0.0;0.0;0.04;5.8
2;aaaa;bbb;07/10/2026;15:11:33;4596;spoolsv.exe;0.0;0.0;0.12;17.98
2;aaaa;bbb;07/10/2026;15:11:33;4612;conhost.exe;0.0;0.0;0.03;5.3
2;aaaa;bbb;07/10/2026;15:11:33;4732;svchost.exe;0.0;0.0;0.1;14.88
2;aaaa;bbb;07/10/2026;15:11:33;4832;svchost.exe;0.0;0.0;0.05;7.42
2;aaaa;bbb;07/10/2026;15:11:33;4936;svchost.exe;0.0;0.0;0.1;15.78
2;aaaa;bbb;07/10/2026;15:11:33;4948;svchost.exe;0.0;0.0;0.27;41.43
2;aaaa;bbb;07/10/2026;15:11:33;4956;FMService64.exe;0.0;0.0;0.05;7.53
2;aaaa;bbb;07/10/2026;15:11:33;4964;ibmpmsvc.exe;0.0;0.0;0.04;5.77
2;aaaa;bbb;07/10/2026;15:11:33;4992;SynRpcServer.exe;0.0;0.0;0.02;3.48
2;aaaa;bbb;07/10/2026;15:11:33;5004;SmartStandby.exe;0.0;0.0;0.04;6.11
2;aaaa;bbb;07/10/2026;15:11:33;5020;svchost.exe;0.0;0.0;0.23;36.41
2;aaaa;bbb;07/10/2026;15:11:33;5028;RtkAudUService64.exe;0.0;0.0;0.09;14.32
2;aaaa;bbb;07/10/2026;15:11:33;5040;svchost.exe;0.0;0.0;0.06;9.92
2;aaaa;bbb;07/10/2026;15:11:33;5048;MpDefenderCoreService.exe;0.0;0.0;0.13;20.11
2;aaaa;bbb;07/10/2026;15:11:33;5060;svchost.exe;0.4;0.03;0.13;20.27
2;aaaa;bbb;07/10/2026;15:11:33;5072;svchost.exe;0.0;0.0;0.03;5.36
2;aaaa;bbb;07/10/2026;15:11:33;5088;DAX3API.exe;0.0;0.0;0.1;15.11
2;aaaa;bbb;07/10/2026;15:11:33;5100;LITSSvc.exe;0.0;0.0;0.05;7.77
2;aaaa;bbb;07/10/2026;15:11:33;5112;MsMpEng.exe;0.3;0.02;2.27;353.94
2;aaaa;bbb;07/10/2026;15:11:33;5188;AggregatorHost.exe;0.0;0.0;0.07;10.83
2;aaaa;bbb;07/10/2026;15:11:33;5312;dllhost.exe;0.0;0.0;0.05;7.54
2;aaaa;bbb;07/10/2026;15:11:33;5412;mysqld.exe;0.0;0.0;0.38;58.67
2;aaaa;bbb;07/10/2026;15:11:33;5420;conhost.exe;0.0;0.0;0.05;7.49
2;aaaa;bbb;07/10/2026;15:11:33;5488;dasHost.exe;0.0;0.0;0.03;4.37
2;aaaa;bbb;07/10/2026;15:11:33;5516;tphkload.exe;0.0;0.0;0.07;11.66
2;aaaa;bbb;07/10/2026;15:11:33;5592;svchost.exe;0.0;0.0;0.06;8.61
2;aaaa;bbb;07/10/2026;15:11:33;6200;svchost.exe;0.0;0.0;0.05;8.45
2;aaaa;bbb;07/10/2026;15:11:33;6208;svchost.exe;0.0;0.0;0.04;6.91
2;aaaa;bbb;07/10/2026;15:11:33;6228;WmiPrvSE.exe;14.7;1.22;0.21;32.82
2;aaaa;bbb;07/10/2026;15:11:33;6296;svchost.exe;0.0;0.0;0.06;9.15
2;aaaa;bbb;07/10/2026;15:11:33;6448;DAX3API.exe;0.0;0.0;0.07;11.29
2;aaaa;bbb;07/10/2026;15:11:33;6460;svchost.exe;0.0;0.0;0.04;6.29
2;aaaa;bbb;07/10/2026;15:11:33;6492;Code.exe;0.0;0.0;1.99;310.63
2;aaaa;bbb;07/10/2026;15:11:33;6496;svchost.exe;0.0;0.0;0.12;18.7
2;aaaa;bbb;07/10/2026;15:11:33;6536;atieclxx.exe;0.0;0.0;0.1;15.75
2;aaaa;bbb;07/10/2026;15:11:33;6644;svchost.exe;0.0;0.0;0.07;10.26
2;aaaa;bbb;07/10/2026;15:11:33;6648;svchost.exe;0.0;0.0;0.04;5.46
2;aaaa;bbb;07/10/2026;15:11:33;6660;sihost.exe;0.0;0.0;0.23;35.26
2;aaaa;bbb;07/10/2026;15:11:33;6796;svchost.exe;0.0;0.0;0.05;8.11
2;aaaa;bbb;07/10/2026;15:11:33;6804;DefenderSessionHelper.exe;0.0;0.0;0.04;5.5
2;aaaa;bbb;07/10/2026;15:11:33;6820;svchost.exe;0.0;0.0;0.16;24.56
2;aaaa;bbb;07/10/2026;15:11:33;6988;svchost.exe;0.0;0.0;0.09;14.61
2;aaaa;bbb;07/10/2026;15:11:33;7044;MoUsoCoreWorker.exe;0.0;0.0;0.19;30.18
2;aaaa;bbb;07/10/2026;15:11:33;7112;svchost.exe;0.0;0.0;0.25;38.77
2;aaaa;bbb;07/10/2026;15:11:33;7312;msedgewebview2.exe;0.0;0.0;0.48;74.65
2;aaaa;bbb;07/10/2026;15:11:33;7476;shtctky.exe;0.0;0.0;0.12;17.94
2;aaaa;bbb;07/10/2026;15:11:33;7604;explorer.exe;0.1;0.01;2.3;357.91
2;aaaa;bbb;07/10/2026;15:11:33;7612;SynTPHelper.exe;0.0;0.0;0.04;6.96
2;aaaa;bbb;07/10/2026;15:11:33;7736;svchost.exe;0.0;0.0;0.12;18.16
2;aaaa;bbb;07/10/2026;15:11:33;7768;svchost.exe;0.0;0.0;0.05;8.56
2;aaaa;bbb;07/10/2026;15:11:33;7824;SecurityHealthSystray.exe;0.0;0.0;0.07;10.44
2;aaaa;bbb;07/10/2026;15:11:33;7912;SecurityHealthService.exe;0.0;0.0;0.11;17.47
2;aaaa;bbb;07/10/2026;15:11:33;7960;conhost.exe;0.0;0.0;0.08;12.99
2;aaaa;bbb;07/10/2026;15:11:33;8040;svchost.exe;0.0;0.0;0.1;15.59
2;aaaa;bbb;07/10/2026;15:11:33;8160;SystemSettingsBroker.exe;0.0;0.0;0.2;30.72
2;aaaa;bbb;07/10/2026;15:11:33;8180;svchost.exe;0.0;0.0;0.05;8.44
2;aaaa;bbb;07/10/2026;15:11:33;8228;svchost.exe;0.0;0.0;0.09;13.91
2;aaaa;bbb;07/10/2026;15:11:33;8384;RtkAudUService64.exe;0.0;0.0;0.09;13.82
2;aaaa;bbb;07/10/2026;15:11:33;8452;svchost.exe;0.0;0.0;0.15;23.82
2;aaaa;bbb;07/10/2026;15:11:33;8608;svchost.exe;0.0;0.0;0.13;19.69
2;aaaa;bbb;07/10/2026;15:11:33;8836;svchost.exe;0.0;0.0;0.21;32.09
2;aaaa;bbb;07/10/2026;15:11:33;9152;rstudio.exe;0.0;0.0;1.03;161.1
2;aaaa;bbb;07/10/2026;15:11:33;9248;steamwebhelper.exe;0.0;0.0;0.23;36.43
2;aaaa;bbb;07/10/2026;15:11:33;9352;SearchHost.exe;0.0;0.0;0.66;102.23
2;aaaa;bbb;07/10/2026;15:11:33;9376;StartMenuExperienceHost.exe;0.0;0.0;0.67;104.62
2;aaaa;bbb;07/10/2026;15:11:33;9468;Widgets.exe;0.0;0.0;0.32;50.48
2;aaaa;bbb;07/10/2026;15:11:33;9488;RuntimeBroker.exe;0.0;0.0;0.23;36.33
2;aaaa;bbb;07/10/2026;15:11:33;9600;RuntimeBroker.exe;0.0;0.0;0.4;61.81
2;aaaa;bbb;07/10/2026;15:11:33;9704;WidgetService.exe;0.0;0.0;0.13;20.95
2;aaaa;bbb;07/10/2026;15:11:33;9772;svchost.exe;0.0;0.0;0.1;15.18
2;aaaa;bbb;07/10/2026;15:11:33;9780;svchost.exe;0.0;0.0;0.06;9.69
2;aaaa;bbb;07/10/2026;15:11:33;9820;svchost.exe;0.0;0.0;0.05;7.13
2;aaaa;bbb;07/10/2026;15:11:33;9868;msedgewebview2.exe;0.0;0.0;0.26;41.02
2;aaaa;bbb;07/10/2026;15:11:33;9876;conhost.exe;0.0;0.0;0.04;6.18
2;aaaa;bbb;07/10/2026;15:11:33;9940;CodeSetup-stable-2a59476c9bfcb90b3ddc372c36762471b7dfad1c.tmp;0.0;0.0;0.18;27.58
2;aaaa;bbb;07/10/2026;15:11:33;9964;svchost.exe;0.0;0.0;0.13;19.7
2;aaaa;bbb;07/10/2026;15:11:33;10160;msedgewebview2.exe;0.0;0.0;0.15;22.95
2;aaaa;bbb;07/10/2026;15:11:33;10172;dllhost.exe;0.0;0.0;0.12;19.17
2;aaaa;bbb;07/10/2026;15:11:33;10280;svchost.exe;0.0;0.0;0.08;13.11
2;aaaa;bbb;07/10/2026;15:11:33;10300;svchost.exe;0.0;0.0;0.08;11.8
2;aaaa;bbb;07/10/2026;15:11:33;10516;DataExchangeHost.exe;0.0;0.0;0.11;16.77
2;aaaa;bbb;07/10/2026;15:11:33;10616;TextInputHost.exe;0.0;0.0;0.68;105.94
2;aaaa;bbb;07/10/2026;15:11:33;10796;opera.exe;0.0;0.0;0.19;30.11
2;aaaa;bbb;07/10/2026;15:11:33;11052;Code.exe;0.0;0.0;0.88;137.88
2;aaaa;bbb;07/10/2026;15:11:33;11080;NisSrv.exe;0.0;0.0;0.07;11.02
2;aaaa;bbb;07/10/2026;15:11:33;11088;ctfmon.exe;0.0;0.0;0.2;31.03
2;aaaa;bbb;07/10/2026;15:11:33;11244;SearchIndexer.exe;0.0;0.0;0.25;38.75
2;aaaa;bbb;07/10/2026;15:11:33;11268;svchost.exe;0.0;0.0;0.1;15.63
2;aaaa;bbb;07/10/2026;15:11:33;11388;svchost.exe;0.0;0.0;0.09;14.4
2;aaaa;bbb;07/10/2026;15:11:33;11572;RuntimeBroker.exe;0.0;0.0;0.24;37.12
2;aaaa;bbb;07/10/2026;15:11:33;11600;steamwebhelper.exe;0.0;0.0;0.96;150.28
2;aaaa;bbb;07/10/2026;15:11:33;11684;svchost.exe;0.0;0.0;0.05;7.05
2;aaaa;bbb;07/10/2026;15:11:33;11756;svchost.exe;0.0;0.0;0.04;6.89
2;aaaa;bbb;07/10/2026;15:11:33;11812;LockApp.exe;0.0;0.0;0.39;61.01
2;aaaa;bbb;07/10/2026;15:11:33;12004;opera_crashreporter.exe;0.0;0.0;0.06;8.91
2;aaaa;bbb;07/10/2026;15:11:33;12212;steamservice.exe;0.0;0.0;0.08;12.86
2;aaaa;bbb;07/10/2026;15:11:33;12216;steam.exe;0.0;0.0;0.56;86.98
2;aaaa;bbb;07/10/2026;15:11:33;12248;opera.exe;0.0;0.0;4.95;771.25
2;aaaa;bbb;07/10/2026;15:11:33;12536;CastSrv.exe;0.0;0.0;0.08;12.12
2;aaaa;bbb;07/10/2026;15:11:33;12648;opera.exe;0.0;0.0;1.28;199.16
2;aaaa;bbb;07/10/2026;15:11:33;12964;conhost.exe;0.0;0.0;0.04;6.08
2;aaaa;bbb;07/10/2026;15:11:33;13112;msedgewebview2.exe;0.0;0.0;0.0;0.02
2;aaaa;bbb;07/10/2026;15:11:33;13372;opera.exe;0.0;0.0;3.35;522.53
2;aaaa;bbb;07/10/2026;15:11:33;13532;opera.exe;0.0;0.0;1.63;253.66
2;aaaa;bbb;07/10/2026;15:11:33;13568;opera.exe;0.0;0.0;0.14;22.24
2;aaaa;bbb;07/10/2026;15:11:33;13684;svchost.exe;0.0;0.0;0.06;10.03
2;aaaa;bbb;07/10/2026;15:11:33;13900;UserOOBEBroker.exe;0.0;0.0;0.06;9.17
2;aaaa;bbb;07/10/2026;15:11:33;13904;svchost.exe;0.0;0.0;0.15;23.41
2;aaaa;bbb;07/10/2026;15:11:33;14188;opera.exe;0.0;0.0;1.81;282.75
2;aaaa;bbb;07/10/2026;15:11:33;14472;msedgewebview2.exe;0.0;0.0;0.25;38.23
2;aaaa;bbb;07/10/2026;15:11:33;14652;msedgewebview2.exe;0.0;0.0;0.09;14.1
2;aaaa;bbb;07/10/2026;15:11:33;14748;opera.exe;0.0;0.0;1.7;265.5
2;aaaa;bbb;07/10/2026;15:11:33;14780;opera.exe;0.0;0.0;0.12;18.96
2;aaaa;bbb;07/10/2026;15:11:33;14960;jetbrains-toolbox.exe;1.2;0.1;2.14;333.54
2;aaaa;bbb;07/10/2026;15:11:33;15088;svchost.exe;0.0;0.0;0.09;13.61
2;aaaa;bbb;07/10/2026;15:11:33;15352;opera.exe;0.0;0.0;2.08;324.42
2;aaaa;bbb;07/10/2026;15:11:33;15428;Code.exe;0.0;0.0;0.75;116.71
2;aaaa;bbb;07/10/2026;15:11:33;15544;jetbrainsd.exe;0.0;0.0;0.27;42.48
2;aaaa;bbb;07/10/2026;15:11:33;15656;steamwebhelper.exe;0.0;0.0;0.33;51.0
2;aaaa;bbb;07/10/2026;15:11:33;15740;steamwebhelper.exe;0.0;0.0;0.17;27.14
2;aaaa;bbb;07/10/2026;15:11:33;15840;steamwebhelper.exe;0.0;0.0;0.09;13.8
2;aaaa;bbb;07/10/2026;15:11:33;15972;browser_assistant.exe;0.0;0.0;0.09;13.54
2;aaaa;bbb;07/10/2026;15:11:33;16052;OpenConsole.exe;0.0;0.0;0.06;8.97
2;aaaa;bbb;07/10/2026;15:11:33;16224;steamwebhelper.exe;0.0;0.0;0.74;115.42
2;aaaa;bbb;07/10/2026;15:11:33;16516;powershell.exe;0.0;0.0;0.33;50.97
2;aaaa;bbb;07/10/2026;15:11:33;16540;rstudio.exe;0.0;0.0;0.71;110.33
2;aaaa;bbb;07/10/2026;15:11:33;16632;msedgewebview2.exe;0.0;0.0;0.13;20.73
2;aaaa;bbb;07/10/2026;15:11:33;16684;AMDRSSrcExt.exe;0.0;0.0;0.28;43.28
2;aaaa;bbb;07/10/2026;15:11:33;16936;wslservice.exe;0.0;0.0;0.16;24.4
2;aaaa;bbb;07/10/2026;15:11:33;17144;RadeonSoftware.exe;0.0;0.0;0.17;27.07
2;aaaa;bbb;07/10/2026;15:11:33;17164;opera.exe;0.0;0.0;2.4;374.73
2;aaaa;bbb;07/10/2026;15:11:33;17596;msedgewebview2.exe;0.0;0.0;0.12;18.86
2;aaaa;bbb;07/10/2026;15:11:33;17664;LinkedIn.exe;0.0;0.0;0.58;90.66
2;aaaa;bbb;07/10/2026;15:11:33;17812;msedgewebview2.exe;0.0;0.0;0.0;0.58
2;aaaa;bbb;07/10/2026;15:11:33;17876;cncmd.exe;0.0;0.0;0.04;6.13
2;aaaa;bbb;07/10/2026;15:11:33;18012;AMDRSServ.exe;0.0;0.0;0.28;43.99
2;aaaa;bbb;07/10/2026;15:11:33;18096;RuntimeBroker.exe;0.0;0.0;0.07;10.6
2;aaaa;bbb;07/10/2026;15:11:33;18136;RuntimeBroker.exe;0.0;0.0;0.23;36.43
2;aaaa;bbb;07/10/2026;15:11:33;18156;CrossDeviceService.exe;0.0;0.0;0.45;69.96
2;aaaa;bbb;07/10/2026;15:11:33;18180;msedgewebview2.exe;0.0;0.0;0.77;120.1
2;aaaa;bbb;07/10/2026;15:11:33;18220;msedgewebview2.exe;0.0;0.0;0.09;14.13
2;aaaa;bbb;07/10/2026;15:11:33;18408;msedgewebview2.exe;0.0;0.0;0.47;73.06
2;aaaa;bbb;07/10/2026;15:11:33;18416;msedgewebview2.exe;0.0;0.0;0.3;46.3
2;aaaa;bbb;07/10/2026;15:11:33;18444;msedgewebview2.exe;0.0;0.0;1.45;225.65
2;aaaa;bbb;07/10/2026;15:11:33;18548;msedgewebview2.exe;0.0;0.0;0.14;22.29
2;aaaa;bbb;07/10/2026;15:11:33;18600;opera.exe;0.0;0.0;3.15;491.52
2;aaaa;bbb;07/10/2026;15:11:33;18632;RuntimeBroker.exe;0.0;0.0;0.07;10.38
2;aaaa;bbb;07/10/2026;15:11:33;18644;svchost.exe;0.0;0.0;0.09;13.99
2;aaaa;bbb;07/10/2026;15:11:33;18756;TranslucentTB.exe;0.0;0.0;0.25;39.61
2;aaaa;bbb;07/10/2026;15:11:33;18784;svchost.exe;0.0;0.0;0.18;27.74
2;aaaa;bbb;07/10/2026;15:11:33;18840;RuntimeBroker.exe;0.0;0.0;0.07;10.9
2;aaaa;bbb;07/10/2026;15:11:33;18856;msedge.exe;0.0;0.0;0.79;123.49
2;aaaa;bbb;07/10/2026;15:11:33;18940;msedgewebview2.exe;0.0;0.0;0.41;63.84
2;aaaa;bbb;07/10/2026;15:11:33;18956;msedgewebview2.exe;0.0;0.0;0.01;1.62
2;aaaa;bbb;07/10/2026;15:11:33;18992;RuntimeBroker.exe;0.0;0.0;0.07;10.91
2;aaaa;bbb;07/10/2026;15:11:33;19128;Lively.exe;0.0;0.0;0.51;79.2
2;aaaa;bbb;07/10/2026;15:11:33;19232;vmcompute.exe;0.0;0.0;0.08;12.6
2;aaaa;bbb;07/10/2026;15:11:33;19496;python.exe;10.8;0.9;0.11;16.74
2;aaaa;bbb;07/10/2026;15:11:33;19616;dllhost.exe;0.0;0.0;0.07;10.23
2;aaaa;bbb;07/10/2026;15:11:33;19940;backgroundTaskHost.exe;0.0;0.0;0.01;1.82
2;aaaa;bbb;07/10/2026;15:11:33;19944;ApplicationFrameHost.exe;0.0;0.0;0.2;31.59
2;aaaa;bbb;07/10/2026;15:11:33;20060;svchost.exe;0.0;0.0;0.07;11.03
2;aaaa;bbb;07/10/2026;15:11:33;20164;pet.exe;0.0;0.0;0.05;8.17
2;aaaa;bbb;07/10/2026;15:11:33;20188;svchost.exe;0.0;0.0;0.13;20.05
2;aaaa;bbb;07/10/2026;15:11:33;20376;powershell.exe;0.0;0.0;0.32;49.8
2;aaaa;bbb;07/10/2026;15:11:33;20508;StoreDesktopExtension.exe;0.0;0.0;0.1;15.9
2;aaaa;bbb;07/10/2026;15:11:33;20516;conhost.exe;0.0;0.0;0.04;6.17
2;aaaa;bbb;07/10/2026;15:11:33;20632;dllhost.exe;0.0;0.0;0.06;9.75
2;aaaa;bbb;07/10/2026;15:11:33;20948;svchost.exe;0.0;0.0;0.05;8.32
2;aaaa;bbb;07/10/2026;15:11:33;21172;FileCoAuth.exe;0.0;0.0;0.19;30.35
2;aaaa;bbb;07/10/2026;15:11:33;21492;svchost.exe;0.0;0.0;0.07;11.17
2;aaaa;bbb;07/10/2026;15:11:33;21568;msedgewebview2.exe;0.0;0.0;0.17;26.48
2;aaaa;bbb;07/10/2026;15:11:33;21656;msedgewebview2.exe;0.0;0.0;0.09;13.82
2;aaaa;bbb;07/10/2026;15:11:33;21748;rsession-utf8.exe;0.1;0.01;0.34;53.45
2;aaaa;bbb;07/10/2026;15:11:33;22348;OneDrive.exe;0.0;0.0;0.7;109.77
2;aaaa;bbb;07/10/2026;15:11:33;22500;PhoneExperienceHost.exe;0.0;0.0;0.9;140.06
2;aaaa;bbb;07/10/2026;15:11:33;22560;dllhost.exe;0.0;0.0;0.06;9.18
2;aaaa;bbb;07/10/2026;15:11:33;22584;svchost.exe;0.0;0.0;0.07;11.6
2;aaaa;bbb;07/10/2026;15:11:33;22708;RuntimeBroker.exe;0.0;0.0;0.1;15.54
2;aaaa;bbb;07/10/2026;15:11:33;23224;opera.exe;0.0;0.0;1.79;278.81
2;aaaa;bbb;07/10/2026;15:11:33;23452;RuntimeBroker.exe;0.0;0.0;0.05;7.63
2;aaaa;bbb;07/10/2026;15:11:33;23988;msedgewebview2.exe;0.0;0.0;0.08;12.25
2;aaaa;bbb;07/10/2026;15:11:33;24008;msedgewebview2.exe;0.0;0.0;0.1;14.81
2;aaaa;bbb;07/10/2026;15:11:33;24072;conhost.exe;0.0;0.0;0.04;6.22
2;aaaa;bbb;07/10/2026;15:11:33;24172;msedgewebview2.exe;0.0;0.0;0.04;6.21
2;aaaa;bbb;07/10/2026;15:11:33;24196;MoNotificationUx.exe;0.0;0.0;0.07;11.12
2;aaaa;bbb;07/10/2026;15:11:33;25116;svchost.exe;0.0;0.0;0.06;9.98
2;aaaa;bbb;07/10/2026;15:11:33;25304;opera.exe;0.1;0.01;2.08;324.88
2;aaaa;bbb;07/10/2026;15:11:33;25764;backgroundTaskHost.exe;0.0;0.0;0.01;1.83
2;aaaa;bbb;07/10/2026;15:11:33;26264;msedge.exe;0.0;0.0;0.07;10.14
2;aaaa;bbb;07/10/2026;15:11:33;26512;OpenConsole.exe;0.0;0.0;0.05;8.53
2;aaaa;bbb;07/10/2026;15:11:33;26608;copilot-runtime.exe;0.0;0.0;0.15;23.02
2;aaaa;bbb;07/10/2026;15:11:33;26628;taskhostw.exe;0.0;0.0;0.14;22.41
2;aaaa;bbb;07/10/2026;15:11:33;26896;WUDFHost.exe;0.0;0.0;0.06;9.52
2;aaaa;bbb;07/10/2026;15:11:33;27232;opera.exe;0.0;0.0;5.54;863.91
2;aaaa;bbb;07/10/2026;15:11:33;27836;ssh.exe;0.0;0.0;0.08;12.01
2;aaaa;bbb;07/10/2026;15:11:33;27960;SystemSettings.exe;0.0;0.0;0.02;2.62
2;aaaa;bbb;07/10/2026;15:11:33;28248;svchost.exe;0.0;0.0;0.06;8.96
2;aaaa;bbb;07/10/2026;15:11:33;28516;Code.exe;0.0;0.0;2.25;351.06
2;aaaa;bbb;07/10/2026;15:11:33;29384;powershell.exe;0.0;0.0;0.32;49.74
2;aaaa;bbb;07/10/2026;15:11:33;29420;svchost.exe;0.0;0.0;0.08;12.69
2;aaaa;bbb;07/10/2026;15:11:33;29440;opera.exe;0.0;0.0;0.22;33.54
2;aaaa;bbb;07/10/2026;15:11:33;29596;CodeSetup-stable-2a59476c9bfcb90b3ddc372c36762471b7dfad1c.exe;0.0;0.0;0.06;9.22
2;aaaa;bbb;07/10/2026;15:11:33;30192;Code.exe;0.0;0.0;0.78;122.1
2;aaaa;bbb;07/10/2026;15:11:33;30512;Code.exe;0.0;0.0;0.32;49.67
2;aaaa;bbb;07/10/2026;15:11:33;31032;Code.exe;0.0;0.0;0.83;129.73
2;aaaa;bbb;07/10/2026;15:11:33;31092;SnippingTool.exe;0.0;0.0;1.09;169.34
2;aaaa;bbb;07/10/2026;15:11:33;31100;opera.exe;0.0;0.0;4.48;698.88
2;aaaa;bbb;07/10/2026;15:11:33;31176;Code.exe;0.0;0.0;1.03;159.84
2;aaaa;bbb;07/10/2026;15:11:33;31368;Code.exe;0.0;0.0;0.19;29.88
2;aaaa;bbb;07/10/2026;15:11:33;31468;dllhost.exe;0.0;0.0;0.05;8.19
2;aaaa;bbb;07/10/2026;15:11:33;31696;Code.exe;0.3;0.02;1.27;197.47
2;aaaa;bbb;07/10/2026;15:11:33;31748;Code.exe;0.3;0.02;3.37;524.94
2;aaaa;bbb;07/10/2026;15:11:33;31820;powershell.exe;0.0;0.0;0.39;61.11
2;aaaa;bbb;07/10/2026;15:11:33;32076;WUDFHost.exe;0.0;0.0;0.04;6.04
2;aaaa;bbb;07/10/2026;15:11:33;32452;rstudio.exe;0.0;0.0;0.29;45.38
2;aaaa;bbb;07/10/2026;15:11:33;33268;Code.exe;0.0;0.0;0.65;101.51
2;aaaa;bbb;07/10/2026;15:11:33;33508;conhost.exe;0.0;0.0;0.05;8.25
2;aaaa;bbb;07/10/2026;15:11:33;33564;OpenConsole.exe;0.0;0.0;0.05;8.57
2;aaaa;bbb;07/10/2026;15:11:33;33684;git-bash.exe;0.0;0.0;0.03;5.26
2;aaaa;bbb;07/10/2026;15:11:33;34568;Code.exe;0.0;0.0;0.61;95.81
2;aaaa;bbb;07/10/2026;15:11:33;34572;svchost.exe;0.0;0.0;0.05;7.57
2;aaaa;bbb;07/10/2026;15:11:33;34748;rstudio.exe;0.0;0.0;0.69;107.76
2;aaaa;bbb;07/10/2026;15:11:33;35460;git-bash.exe;0.0;0.0;0.03;4.59
2;aaaa;bbb;07/10/2026;15:11:33;35892;mintty.exe;0.3;0.02;0.15;23.45
2;aaaa;bbb;07/10/2026;15:11:33;36064;conhost.exe;0.0;0.0;0.06;8.9
2;aaaa;bbb;07/10/2026;15:11:33;36172;bash.exe;0.0;0.0;0.06;8.86
2;aaaa;bbb;07/10/2026;15:11:33;36204;mintty.exe;0.0;0.0;0.12;19.2
2;aaaa;bbb;07/10/2026;15:11:33;36600;audiodg.exe;0.0;0.0;0.11;17.91
2;aaaa;bbb;07/10/2026;15:11:33;36900;Code.exe;0.0;0.0;2.35;366.81
2;aaaa;bbb;07/10/2026;15:11:33;37156;opera.exe;0.0;0.0;1.96;306.02
2;aaaa;bbb;07/10/2026;15:11:33;37732;bash.exe;0.0;0.0;0.07;10.54
2;aaaa;bbb;07/10/2026;15:11:33;38080;powershell.exe;0.0;0.0;0.32;49.79
2;aaaa;bbb;07/10/2026;15:11:33;38204;Code.exe;0.0;0.0;0.67;104.5
2;aaaa;bbb;07/10/2026;15:11:33;38964;Code.exe;0.3;0.02;2.44;380.98
2;aaaa;bbb;07/10/2026;15:11:33;40204;opera.exe;0.0;0.0;1.84;287.46
2;aaaa;bbb;07/10/2026;15:11:33;40820;opera.exe;0.0;0.0;4.67;728.3
2;aaaa;bbb;07/10/2026;15:11:33;40844;OpenConsole.exe;0.0;0.0;0.05;8.56
2;aaaa;bbb;07/10/2026;15:11:33;41220;Code.exe;0.0;0.0;0.83;128.7
2;aaaa;bbb;07/10/2026;15:11:33;41860;msedge.exe;0.0;0.0;0.24;36.96
2;aaaa;bbb;07/10/2026;15:11:33;42452;powershell.exe;0.0;0.0;0.51;80.24
2;aaaa;bbb;07/10/2026;15:11:33;42464;opera.exe;0.0;0.0;2.06;321.87
2;aaaa;bbb;07/10/2026;15:11:33;42972;OneDrive.Sync.Service.exe;0.0;0.0;0.39;60.74
