RODADA;TORRE;SERVIDOR;DATA;HORA;CPU_TOTAL_PCT;RAM_TOTAL_PCT;RAM_TOTAL_MB;DISCO_TOTAL_PCT;PID;PROCESSO;PROC_CPU_ABSOLUTA_PCT;PROC_CPU_GLOBAL_PCT;PROC_RAM_PCT;PROC_RAM_MB
1;TORRE 01;SERV-ISAAC;05/10/2026;23:01:37;10.2;78.4;15591.69;53.6;4;System;0.0;0.0;0.0;0.14
1;TORRE 01;SERV-ISAAC;05/10/2026;23:01:37;10.2;78.4;15591.69;53.6;8;csrss.exe;0.0;0.0;0.03;4.74
1;TORRE 01;SERV-ISAAC;05/10/2026;23:01:37;10.2;78.4;15591.69;53.6;140;;0.0;0.0;0.31;47.74
1;TORRE 01;SERV-ISAAC;05/10/2026;23:01:37;10.2;78.4;15591.69;53.6;176;Registry;0.0;0.0;0.13;19.53
1;TORRE 01;SERV-ISAAC;05/10/2026;23:01:37;10.2;78.4;15591.69;53.6;660;smss.exe;0.0;0.0;0.01;1.06
1;TORRE 01;SERV-ISAAC;05/10/2026;23:01:37;10.2;78.4;15591.69;53.6;724;svchost.exe;0.0;0.0;0.13;20.01
1;TORRE 01;SERV-ISAAC;05/10/2026;23:01:37;10.2;78.4;15591.69;53.6;1176;wininit.exe;0.0;0.0;0.04;5.78
1;TORRE 01;SERV-ISAAC;05/10/2026;23:01:37;10.2;78.4;15591.69;53.6;1200;csrss.exe;0.0;0.0;0.06;9.36
1;TORRE 01;SERV-ISAAC;05/10/2026;23:01:37;10.2;78.4;15591.69;53.6;1256;services.exe;0.0;0.0;0.1;15.6
1;TORRE 01;SERV-ISAAC;05/10/2026;23:01:37;10.2;78.4;15591.69;53.6;1292;winlogon.exe;0.0;0.0;0.07;11.18
1;TORRE 01;SERV-ISAAC;05/10/2026;23:01:37;10.2;78.4;15591.69;53.6;1304;msedge.exe;0.0;0.0;0.21;32.82
1;TORRE 01;SERV-ISAAC;05/10/2026;23:01:37;10.2;78.4;15591.69;53.6;1324;LsaIso.exe;0.0;0.0;0.02;3.23
1;TORRE 01;SERV-ISAAC;05/10/2026;23:01:37;10.2;78.4;15591.69;53.6;1344;lsass.exe;0.0;0.0;0.18;27.45
1;TORRE 01;SERV-ISAAC;05/10/2026;23:01:37;10.2;78.4;15591.69;53.6;1472;svchost.exe;0.0;0.0;0.04;6.64
1;TORRE 01;SERV-ISAAC;05/10/2026;23:01:37;10.2;78.4;15591.69;53.6;1480;ShellExperienceHost.exe;0.0;0.0;0.45;70.85
1;TORRE 01;SERV-ISAAC;05/10/2026;23:01:37;10.2;78.4;15591.69;53.6;1484;svchost.exe;0.0;0.0;0.21;32.94
1;TORRE 01;SERV-ISAAC;05/10/2026;23:01:37;10.2;78.4;15591.69;53.6;1512;fontdrvhost.exe;0.0;0.0;0.02;3.28
1;TORRE 01;SERV-ISAAC;05/10/2026;23:01:37;10.2;78.4;15591.69;53.6;1516;fontdrvhost.exe;0.0;0.0;0.05;7.6
1;TORRE 01;SERV-ISAAC;05/10/2026;23:01:37;10.2;78.4;15591.69;53.6;1544;WUDFHost.exe;0.0;0.0;0.03;5.02
1;TORRE 01;SERV-ISAAC;05/10/2026;23:01:37;10.2;78.4;15591.69;53.6;1660;svchost.exe;0.0;0.0;0.13;20.56
1;TORRE 01;SERV-ISAAC;05/10/2026;23:01:37;10.2;78.4;15591.69;53.6;1724;svchost.exe;0.0;0.0;0.06;8.75
1;TORRE 01;SERV-ISAAC;05/10/2026;23:01:37;10.2;78.4;15591.69;53.6;1756;wallpaper64.exe;0.0;0.0;2.46;383.25
1;TORRE 01;SERV-ISAAC;05/10/2026;23:01:37;10.2;78.4;15591.69;53.6;1828;opera.exe;0.0;0.0;1.39;217.41
1;TORRE 01;SERV-ISAAC;05/10/2026;23:01:37;10.2;78.4;15591.69;53.6;1844;svchost.exe;0.0;0.0;0.03;5.04
1;TORRE 01;SERV-ISAAC;05/10/2026;23:01:37;10.2;78.4;15591.69;53.6;1860;svchost.exe;0.0;0.0;0.06;9.42
1;TORRE 01;SERV-ISAAC;05/10/2026;23:01:37;10.2;78.4;15591.69;53.6;1888;svchost.exe;0.0;0.0;0.06;8.61
1;TORRE 01;SERV-ISAAC;05/10/2026;23:01:37;10.2;78.4;15591.69;53.6;1904;svchost.exe;0.0;0.0;0.08;12.01
1;TORRE 01;SERV-ISAAC;05/10/2026;23:01:37;10.2;78.4;15591.69;53.6;1924;svchost.exe;0.0;0.0;0.09;13.82
1;TORRE 01;SERV-ISAAC;05/10/2026;23:01:37;10.2;78.4;15591.69;53.6;2016;msedgewebview2.exe;0.0;0.0;0.06;9.01
1;TORRE 01;SERV-ISAAC;05/10/2026;23:01:37;10.2;78.4;15591.69;53.6;2024;svchost.exe;0.0;0.0;0.07;10.71
1;TORRE 01;SERV-ISAAC;05/10/2026;23:01:37;10.2;78.4;15591.69;53.6;2056;svchost.exe;0.0;0.0;0.07;10.29
1;TORRE 01;SERV-ISAAC;05/10/2026;23:01:37;10.2;78.4;15591.69;53.6;2064;svchost.exe;0.0;0.0;0.06;9.38
1;TORRE 01;SERV-ISAAC;05/10/2026;23:01:37;10.2;78.4;15591.69;53.6;2260;svchost.exe;0.0;0.0;0.05;8.02
1;TORRE 01;SERV-ISAAC;05/10/2026;23:01:37;10.2;78.4;15591.69;53.6;2268;svchost.exe;0.0;0.0;0.06;8.82
1;TORRE 01;SERV-ISAAC;05/10/2026;23:01:37;10.2;78.4;15591.69;53.6;2280;svchost.exe;0.0;0.0;0.06;9.63
1;TORRE 01;SERV-ISAAC;05/10/2026;23:01:37;10.2;78.4;15591.69;53.6;2332;msedge.exe;0.0;0.0;0.26;39.78
1;TORRE 01;SERV-ISAAC;05/10/2026;23:01:37;10.2;78.4;15591.69;53.6;2476;tposd.exe;0.0;0.0;0.1;14.92
1;TORRE 01;SERV-ISAAC;05/10/2026;23:01:37;10.2;78.4;15591.69;53.6;2496;opera.exe;0.0;0.0;1.64;255.22
1;TORRE 01;SERV-ISAAC;05/10/2026;23:01:37;10.2;78.4;15591.69;53.6;2548;svchost.exe;0.0;0.0;0.06;9.48
1;TORRE 01;SERV-ISAAC;05/10/2026;23:01:37;10.2;78.4;15591.69;53.6;2560;svchost.exe;0.0;0.0;0.09;14.31
1;TORRE 01;SERV-ISAAC;05/10/2026;23:01:37;10.2;78.4;15591.69;53.6;2596;svchost.exe;0.0;0.0;0.05;7.24
1;TORRE 01;SERV-ISAAC;05/10/2026;23:01:37;10.2;78.4;15591.69;53.6;2616;browser_assistant.exe;0.0;0.0;0.16;24.24
1;TORRE 01;SERV-ISAAC;05/10/2026;23:01:37;10.2;78.4;15591.69;53.6;2752;steamwebhelper.exe;0.0;0.0;0.07;10.8
1;TORRE 01;SERV-ISAAC;05/10/2026;23:01:37;10.2;78.4;15591.69;53.6;2804;svchost.exe;0.0;0.0;0.08;12.25
1;TORRE 01;SERV-ISAAC;05/10/2026;23:01:37;10.2;78.4;15591.69;53.6;2836;SynTPEnh.exe;0.0;0.0;0.18;28.29
1;TORRE 01;SERV-ISAAC;05/10/2026;23:01:37;10.2;78.4;15591.69;53.6;2928;svchost.exe;0.0;0.0;0.06;9.76
1;TORRE 01;SERV-ISAAC;05/10/2026;23:01:37;10.2;78.4;15591.69;53.6;3044;svchost.exe;0.0;0.0;0.08;12.07
1;TORRE 01;SERV-ISAAC;05/10/2026;23:01:37;10.2;78.4;15591.69;53.6;3052;svchost.exe;0.0;0.0;0.06;8.89
1;TORRE 01;SERV-ISAAC;05/10/2026;23:01:37;10.2;78.4;15591.69;53.6;3128;dwm.exe;0.0;0.0;0.87;135.76
1;TORRE 01;SERV-ISAAC;05/10/2026;23:01:37;10.2;78.4;15591.69;53.6;3180;svchost.exe;0.0;0.0;0.1;15.84
1;TORRE 01;SERV-ISAAC;05/10/2026;23:01:37;10.2;78.4;15591.69;53.6;3216;M365Copilot.exe;0.0;0.0;0.65;100.77
1;TORRE 01;SERV-ISAAC;05/10/2026;23:01:37;10.2;78.4;15591.69;53.6;3224;unsecapp.exe;0.0;0.0;0.05;7.2
1;TORRE 01;SERV-ISAAC;05/10/2026;23:01:37;10.2;78.4;15591.69;53.6;3320;svchost.exe;0.0;0.0;0.05;7.41
1;TORRE 01;SERV-ISAAC;05/10/2026;23:01:37;10.2;78.4;15591.69;53.6;3344;svchost.exe;0.0;0.0;0.04;6.08
1;TORRE 01;SERV-ISAAC;05/10/2026;23:01:37;10.2;78.4;15591.69;53.6;3372;RtkAudUService64.exe;0.0;0.0;0.03;4.42
1;TORRE 01;SERV-ISAAC;05/10/2026;23:01:37;10.2;78.4;15591.69;53.6;3428;svchost.exe;0.0;0.0;0.09;14.55
1;TORRE 01;SERV-ISAAC;05/10/2026;23:01:37;10.2;78.4;15591.69;53.6;3480;SynTPEnhService.exe;0.0;0.0;0.07;10.57
1;TORRE 01;SERV-ISAAC;05/10/2026;23:01:37;10.2;78.4;15591.69;53.6;3572;amdfendrsr.exe;0.0;0.0;0.04;6.67
1;TORRE 01;SERV-ISAAC;05/10/2026;23:01:37;10.2;78.4;15591.69;53.6;3584;atiesrxx.exe;0.0;0.0;0.04;6.45
1;TORRE 01;SERV-ISAAC;05/10/2026;23:01:37;10.2;78.4;15591.69;53.6;3592;svchost.exe;0.0;0.0;0.11;17.77
1;TORRE 01;SERV-ISAAC;05/10/2026;23:01:37;10.2;78.4;15591.69;53.6;3628;svchost.exe;0.0;0.0;0.04;6.17
1;TORRE 01;SERV-ISAAC;05/10/2026;23:01:37;10.2;78.4;15591.69;53.6;3684;svchost.exe;0.0;0.0;0.04;6.89
1;TORRE 01;SERV-ISAAC;05/10/2026;23:01:37;10.2;78.4;15591.69;53.6;3764;svchost.exe;0.0;0.0;0.14;22.04
1;TORRE 01;SERV-ISAAC;05/10/2026;23:01:37;10.2;78.4;15591.69;53.6;3868;svchost.exe;0.0;0.0;0.04;5.62
1;TORRE 01;SERV-ISAAC;05/10/2026;23:01:37;10.2;78.4;15591.69;53.6;3872;svchost.exe;0.0;0.0;0.08;11.95
1;TORRE 01;SERV-ISAAC;05/10/2026;23:01:37;10.2;78.4;15591.69;53.6;3884;svchost.exe;0.0;0.0;0.05;7.58
1;TORRE 01;SERV-ISAAC;05/10/2026;23:01:37;10.2;78.4;15591.69;53.6;3892;msedgewebview2.exe;0.0;0.0;0.27;42.12
1;TORRE 01;SERV-ISAAC;05/10/2026;23:01:37;10.2;78.4;15591.69;53.6;3912;wslinstaller.exe;0.0;0.0;0.07;11.02
1;TORRE 01;SERV-ISAAC;05/10/2026;23:01:37;10.2;78.4;15591.69;53.6;3976;MemCompression;0.0;0.0;1.2;187.56
1;TORRE 01;SERV-ISAAC;05/10/2026;23:01:37;10.2;78.4;15591.69;53.6;4020;svchost.exe;0.0;0.0;0.05;8.41
1;TORRE 01;SERV-ISAAC;05/10/2026;23:01:37;10.2;78.4;15591.69;53.6;4040;opera.exe;0.0;0.0;0.38;59.11
1;TORRE 01;SERV-ISAAC;05/10/2026;23:01:37;10.2;78.4;15591.69;53.6;4068;svchost.exe;0.0;0.0;0.06;8.64
1;TORRE 01;SERV-ISAAC;05/10/2026;23:01:37;10.2;78.4;15591.69;53.6;4076;svchost.exe;0.0;0.0;0.05;8.5
1;TORRE 01;SERV-ISAAC;05/10/2026;23:01:37;10.2;78.4;15591.69;53.6;4088;taskhostw.exe;0.0;0.0;0.13;20.1
1;TORRE 01;SERV-ISAAC;05/10/2026;23:01:37;10.2;78.4;15591.69;53.6;4224;mysqld.exe;0.0;0.0;0.06;9.73
1;TORRE 01;SERV-ISAAC;05/10/2026;23:01:37;10.2;78.4;15591.69;53.6;4248;svchost.exe;0.0;0.0;0.12;18.48
1;TORRE 01;SERV-ISAAC;05/10/2026;23:01:37;10.2;78.4;15591.69;53.6;4292;svchost.exe;0.0;0.0;0.06;9.83
1;TORRE 01;SERV-ISAAC;05/10/2026;23:01:37;10.2;78.4;15591.69;53.6;4360;svchost.exe;0.0;0.0;0.14;21.88
1;TORRE 01;SERV-ISAAC;05/10/2026;23:01:37;10.2;78.4;15591.69;53.6;4384;svchost.exe;0.0;0.0;0.07;11.34
1;TORRE 01;SERV-ISAAC;05/10/2026;23:01:37;10.2;78.4;15591.69;53.6;4536;PowerMgr.exe;0.0;0.0;0.03;5.03
1;TORRE 01;SERV-ISAAC;05/10/2026;23:01:37;10.2;78.4;15591.69;53.6;4584;wlanext.exe;0.0;0.0;0.04;5.91
1;TORRE 01;SERV-ISAAC;05/10/2026;23:01:37;10.2;78.4;15591.69;53.6;4596;spoolsv.exe;0.0;0.0;0.09;13.3
1;TORRE 01;SERV-ISAAC;05/10/2026;23:01:37;10.2;78.4;15591.69;53.6;4612;conhost.exe;0.0;0.0;0.03;5.36
1;TORRE 01;SERV-ISAAC;05/10/2026;23:01:37;10.2;78.4;15591.69;53.6;4732;svchost.exe;0.0;0.0;0.1;16.05
1;TORRE 01;SERV-ISAAC;05/10/2026;23:01:37;10.2;78.4;15591.69;53.6;4832;svchost.exe;0.0;0.0;0.05;7.5
1;TORRE 01;SERV-ISAAC;05/10/2026;23:01:37;10.2;78.4;15591.69;53.6;4936;svchost.exe;0.0;0.0;0.1;15.95
1;TORRE 01;SERV-ISAAC;05/10/2026;23:01:37;10.2;78.4;15591.69;53.6;4948;svchost.exe;0.0;0.0;0.26;41.17
1;TORRE 01;SERV-ISAAC;05/10/2026;23:01:37;10.2;78.4;15591.69;53.6;4956;FMService64.exe;0.0;0.0;0.05;7.58
1;TORRE 01;SERV-ISAAC;05/10/2026;23:01:37;10.2;78.4;15591.69;53.6;4964;ibmpmsvc.exe;0.0;0.0;0.04;5.82
1;TORRE 01;SERV-ISAAC;05/10/2026;23:01:37;10.2;78.4;15591.69;53.6;4992;SynRpcServer.exe;0.0;0.0;0.02;3.52
1;TORRE 01;SERV-ISAAC;05/10/2026;23:01:37;10.2;78.4;15591.69;53.6;5004;SmartStandby.exe;0.0;0.0;0.04;6.76
1;TORRE 01;SERV-ISAAC;05/10/2026;23:01:37;10.2;78.4;15591.69;53.6;5020;svchost.exe;0.0;0.0;0.25;39.55
1;TORRE 01;SERV-ISAAC;05/10/2026;23:01:37;10.2;78.4;15591.69;53.6;5028;RtkAudUService64.exe;0.0;0.0;0.09;13.45
1;TORRE 01;SERV-ISAAC;05/10/2026;23:01:37;10.2;78.4;15591.69;53.6;5040;svchost.exe;0.0;0.0;0.07;10.79
1;TORRE 01;SERV-ISAAC;05/10/2026;23:01:37;10.2;78.4;15591.69;53.6;5048;MpDefenderCoreService.exe;0.0;0.0;0.13;19.77
1;TORRE 01;SERV-ISAAC;05/10/2026;23:01:37;10.2;78.4;15591.69;53.6;5060;svchost.exe;0.0;0.0;0.13;20.31
1;TORRE 01;SERV-ISAAC;05/10/2026;23:01:37;10.2;78.4;15591.69;53.6;5072;svchost.exe;0.0;0.0;0.03;5.38
1;TORRE 01;SERV-ISAAC;05/10/2026;23:01:37;10.2;78.4;15591.69;53.6;5088;DAX3API.exe;0.0;0.0;0.1;15.18
1;TORRE 01;SERV-ISAAC;05/10/2026;23:01:37;10.2;78.4;15591.69;53.6;5100;LITSSvc.exe;0.0;0.0;0.05;7.72
1;TORRE 01;SERV-ISAAC;05/10/2026;23:01:37;10.2;78.4;15591.69;53.6;5112;MsMpEng.exe;0.0;0.0;2.05;320.17
1;TORRE 01;SERV-ISAAC;05/10/2026;23:01:37;10.2;78.4;15591.69;53.6;5188;AggregatorHost.exe;0.0;0.0;0.07;10.9
1;TORRE 01;SERV-ISAAC;05/10/2026;23:01:37;10.2;78.4;15591.69;53.6;5312;dllhost.exe;0.0;0.0;0.04;6.75
1;TORRE 01;SERV-ISAAC;05/10/2026;23:01:37;10.2;78.4;15591.69;53.6;5412;mysqld.exe;0.0;0.0;0.39;60.79
1;TORRE 01;SERV-ISAAC;05/10/2026;23:01:37;10.2;78.4;15591.69;53.6;5420;conhost.exe;0.0;0.0;0.05;7.49
1;TORRE 01;SERV-ISAAC;05/10/2026;23:01:37;10.2;78.4;15591.69;53.6;5488;dasHost.exe;0.0;0.0;0.03;4.37
1;TORRE 01;SERV-ISAAC;05/10/2026;23:01:37;10.2;78.4;15591.69;53.6;5516;tphkload.exe;0.0;0.0;0.08;11.89
1;TORRE 01;SERV-ISAAC;05/10/2026;23:01:37;10.2;78.4;15591.69;53.6;5592;svchost.exe;0.0;0.0;0.06;8.66
1;TORRE 01;SERV-ISAAC;05/10/2026;23:01:37;10.2;78.4;15591.69;53.6;6200;svchost.exe;0.0;0.0;0.06;8.78
1;TORRE 01;SERV-ISAAC;05/10/2026;23:01:37;10.2;78.4;15591.69;53.6;6208;svchost.exe;0.0;0.0;0.04;7.0
1;TORRE 01;SERV-ISAAC;05/10/2026;23:01:37;10.2;78.4;15591.69;53.6;6228;WmiPrvSE.exe;0.0;0.0;0.22;34.45
1;TORRE 01;SERV-ISAAC;05/10/2026;23:01:37;10.2;78.4;15591.69;53.6;6296;svchost.exe;0.0;0.0;0.06;9.87
1;TORRE 01;SERV-ISAAC;05/10/2026;23:01:37;10.2;78.4;15591.69;53.6;6440;SnippingTool.exe;0.0;0.0;1.22;190.19
1;TORRE 01;SERV-ISAAC;05/10/2026;23:01:37;10.2;78.4;15591.69;53.6;6448;DAX3API.exe;0.0;0.0;0.07;10.97
1;TORRE 01;SERV-ISAAC;05/10/2026;23:01:37;10.2;78.4;15591.69;53.6;6460;svchost.exe;0.0;0.0;0.04;6.3
1;TORRE 01;SERV-ISAAC;05/10/2026;23:01:37;10.2;78.4;15591.69;53.6;6496;svchost.exe;0.0;0.0;0.1;15.75
1;TORRE 01;SERV-ISAAC;05/10/2026;23:01:37;10.2;78.4;15591.69;53.6;6536;atieclxx.exe;0.0;0.0;0.1;16.09
1;TORRE 01;SERV-ISAAC;05/10/2026;23:01:37;10.2;78.4;15591.69;53.6;6644;svchost.exe;0.0;0.0;0.07;10.8
1;TORRE 01;SERV-ISAAC;05/10/2026;23:01:37;10.2;78.4;15591.69;53.6;6648;svchost.exe;0.0;0.0;0.04;5.47
1;TORRE 01;SERV-ISAAC;05/10/2026;23:01:37;10.2;78.4;15591.69;53.6;6660;sihost.exe;0.0;0.0;0.23;35.08
1;TORRE 01;SERV-ISAAC;05/10/2026;23:01:37;10.2;78.4;15591.69;53.6;6796;svchost.exe;0.0;0.0;0.05;8.14
1;TORRE 01;SERV-ISAAC;05/10/2026;23:01:37;10.2;78.4;15591.69;53.6;6804;DefenderSessionHelper.exe;0.0;0.0;0.03;4.66
1;TORRE 01;SERV-ISAAC;05/10/2026;23:01:37;10.2;78.4;15591.69;53.6;6820;svchost.exe;0.0;0.0;0.18;27.77
1;TORRE 01;SERV-ISAAC;05/10/2026;23:01:37;10.2;78.4;15591.69;53.6;6988;svchost.exe;0.0;0.0;0.1;15.11
1;TORRE 01;SERV-ISAAC;05/10/2026;23:01:37;10.2;78.4;15591.69;53.6;7044;MoUsoCoreWorker.exe;0.0;0.0;0.28;44.26
1;TORRE 01;SERV-ISAAC;05/10/2026;23:01:37;10.2;78.4;15591.69;53.6;7112;svchost.exe;0.0;0.0;0.26;40.22
1;TORRE 01;SERV-ISAAC;05/10/2026;23:01:37;10.2;78.4;15591.69;53.6;7328;WUDFHost.exe;0.0;0.0;0.07;10.48
1;TORRE 01;SERV-ISAAC;05/10/2026;23:01:37;10.2;78.4;15591.69;53.6;7476;shtctky.exe;0.0;0.0;0.12;18.3
1;TORRE 01;SERV-ISAAC;05/10/2026;23:01:37;10.2;78.4;15591.69;53.6;7604;explorer.exe;0.0;0.0;1.72;268.45
1;TORRE 01;SERV-ISAAC;05/10/2026;23:01:37;10.2;78.4;15591.69;53.6;7612;SynTPHelper.exe;0.0;0.0;0.04;6.08
1;TORRE 01;SERV-ISAAC;05/10/2026;23:01:37;10.2;78.4;15591.69;53.6;7736;svchost.exe;0.0;0.0;0.13;19.91
1;TORRE 01;SERV-ISAAC;05/10/2026;23:01:37;10.2;78.4;15591.69;53.6;7768;svchost.exe;0.0;0.0;0.06;8.77
1;TORRE 01;SERV-ISAAC;05/10/2026;23:01:37;10.2;78.4;15591.69;53.6;7824;SecurityHealthSystray.exe;0.0;0.0;0.07;10.2
1;TORRE 01;SERV-ISAAC;05/10/2026;23:01:37;10.2;78.4;15591.69;53.6;7912;SecurityHealthService.exe;0.0;0.0;0.11;17.88
1;TORRE 01;SERV-ISAAC;05/10/2026;23:01:37;10.2;78.4;15591.69;53.6;8040;svchost.exe;0.0;0.0;0.1;15.42
1;TORRE 01;SERV-ISAAC;05/10/2026;23:01:37;10.2;78.4;15591.69;53.6;8160;SystemSettingsBroker.exe;0.0;0.0;0.2;31.37
1;TORRE 01;SERV-ISAAC;05/10/2026;23:01:37;10.2;78.4;15591.69;53.6;8180;svchost.exe;0.0;0.0;0.06;8.73
1;TORRE 01;SERV-ISAAC;05/10/2026;23:01:37;10.2;78.4;15591.69;53.6;8228;svchost.exe;0.0;0.0;0.09;14.43
1;TORRE 01;SERV-ISAAC;05/10/2026;23:01:37;10.2;78.4;15591.69;53.6;8384;RtkAudUService64.exe;0.0;0.0;0.08;13.2
1;TORRE 01;SERV-ISAAC;05/10/2026;23:01:37;10.2;78.4;15591.69;53.6;8452;svchost.exe;0.0;0.0;0.15;23.77
1;TORRE 01;SERV-ISAAC;05/10/2026;23:01:37;10.2;78.4;15591.69;53.6;8608;svchost.exe;0.0;0.0;0.13;20.55
1;TORRE 01;SERV-ISAAC;05/10/2026;23:01:37;10.2;78.4;15591.69;53.6;9248;steamwebhelper.exe;0.0;0.0;0.23;36.19
1;TORRE 01;SERV-ISAAC;05/10/2026;23:01:37;10.2;78.4;15591.69;53.6;9352;SearchHost.exe;0.0;0.0;0.63;98.8
1;TORRE 01;SERV-ISAAC;05/10/2026;23:01:37;10.2;78.4;15591.69;53.6;9376;StartMenuExperienceHost.exe;0.0;0.0;0.56;87.78
1;TORRE 01;SERV-ISAAC;05/10/2026;23:01:37;10.2;78.4;15591.69;53.6;9416;opera.exe;0.0;0.0;1.82;283.38
1;TORRE 01;SERV-ISAAC;05/10/2026;23:01:37;10.2;78.4;15591.69;53.6;9468;Widgets.exe;0.0;0.0;0.33;51.33
1;TORRE 01;SERV-ISAAC;05/10/2026;23:01:37;10.2;78.4;15591.69;53.6;9488;RuntimeBroker.exe;0.0;0.0;0.16;24.91
1;TORRE 01;SERV-ISAAC;05/10/2026;23:01:37;10.2;78.4;15591.69;53.6;9600;RuntimeBroker.exe;0.0;0.0;0.34;52.84
1;TORRE 01;SERV-ISAAC;05/10/2026;23:01:37;10.2;78.4;15591.69;53.6;9704;WidgetService.exe;0.0;0.0;0.13;20.71
1;TORRE 01;SERV-ISAAC;05/10/2026;23:01:37;10.2;78.4;15591.69;53.6;9772;svchost.exe;0.0;0.0;0.1;15.3
1;TORRE 01;SERV-ISAAC;05/10/2026;23:01:37;10.2;78.4;15591.69;53.6;9780;svchost.exe;0.0;0.0;0.06;9.44
1;TORRE 01;SERV-ISAAC;05/10/2026;23:01:37;10.2;78.4;15591.69;53.6;9840;svchost.exe;0.0;0.0;0.05;8.33
1;TORRE 01;SERV-ISAAC;05/10/2026;23:01:37;10.2;78.4;15591.69;53.6;9868;msedgewebview2.exe;0.0;0.0;0.27;41.45
1;TORRE 01;SERV-ISAAC;05/10/2026;23:01:37;10.2;78.4;15591.69;53.6;9964;svchost.exe;0.0;0.0;0.13;19.97
1;TORRE 01;SERV-ISAAC;05/10/2026;23:01:37;10.2;78.4;15591.69;53.6;10160;msedgewebview2.exe;0.0;0.0;0.15;23.08
1;TORRE 01;SERV-ISAAC;05/10/2026;23:01:37;10.2;78.4;15591.69;53.6;10172;dllhost.exe;0.0;0.0;0.1;15.5
1;TORRE 01;SERV-ISAAC;05/10/2026;23:01:37;10.2;78.4;15591.69;53.6;10280;svchost.exe;0.0;0.0;0.08;13.08
1;TORRE 01;SERV-ISAAC;05/10/2026;23:01:37;10.2;78.4;15591.69;53.6;10300;svchost.exe;0.0;0.0;0.08;12.49
1;TORRE 01;SERV-ISAAC;05/10/2026;23:01:37;10.2;78.4;15591.69;53.6;10464;dllhost.exe;0.0;0.0;0.05;7.75
1;TORRE 01;SERV-ISAAC;05/10/2026;23:01:37;10.2;78.4;15591.69;53.6;10516;DataExchangeHost.exe;0.0;0.0;0.11;17.21
1;TORRE 01;SERV-ISAAC;05/10/2026;23:01:37;10.2;78.4;15591.69;53.6;10616;TextInputHost.exe;0.0;0.0;0.73;114.43
1;TORRE 01;SERV-ISAAC;05/10/2026;23:01:37;10.2;78.4;15591.69;53.6;10796;opera.exe;0.0;0.0;0.2;31.32
1;TORRE 01;SERV-ISAAC;05/10/2026;23:01:37;10.2;78.4;15591.69;53.6;11052;Code.exe;0.0;0.0;0.95;147.56
1;TORRE 01;SERV-ISAAC;05/10/2026;23:01:37;10.2;78.4;15591.69;53.6;11080;NisSrv.exe;0.0;0.0;0.07;11.33
1;TORRE 01;SERV-ISAAC;05/10/2026;23:01:37;10.2;78.4;15591.69;53.6;11088;ctfmon.exe;0.0;0.0;0.2;30.81
1;TORRE 01;SERV-ISAAC;05/10/2026;23:01:37;10.2;78.4;15591.69;53.6;11244;SearchIndexer.exe;0.0;0.0;0.2;31.96
1;TORRE 01;SERV-ISAAC;05/10/2026;23:01:37;10.2;78.4;15591.69;53.6;11268;svchost.exe;0.0;0.0;0.1;16.06
1;TORRE 01;SERV-ISAAC;05/10/2026;23:01:37;10.2;78.4;15591.69;53.6;11388;svchost.exe;0.0;0.0;0.09;14.05
1;TORRE 01;SERV-ISAAC;05/10/2026;23:01:37;10.2;78.4;15591.69;53.6;11572;RuntimeBroker.exe;0.0;0.0;0.25;39.48
1;TORRE 01;SERV-ISAAC;05/10/2026;23:01:37;10.2;78.4;15591.69;53.6;11600;steamwebhelper.exe;0.0;0.0;0.8;125.2
1;TORRE 01;SERV-ISAAC;05/10/2026;23:01:37;10.2;78.4;15591.69;53.6;11684;svchost.exe;0.0;0.0;0.05;7.32
1;TORRE 01;SERV-ISAAC;05/10/2026;23:01:37;10.2;78.4;15591.69;53.6;11756;svchost.exe;0.0;0.0;0.04;6.89
1;TORRE 01;SERV-ISAAC;05/10/2026;23:01:37;10.2;78.4;15591.69;53.6;11812;LockApp.exe;0.0;0.0;0.4;61.8
1;TORRE 01;SERV-ISAAC;05/10/2026;23:01:37;10.2;78.4;15591.69;53.6;12004;opera_crashreporter.exe;0.0;0.0;0.05;8.09
1;TORRE 01;SERV-ISAAC;05/10/2026;23:01:37;10.2;78.4;15591.69;53.6;12144;opera.exe;0.0;0.0;1.34;209.32
1;TORRE 01;SERV-ISAAC;05/10/2026;23:01:37;10.2;78.4;15591.69;53.6;12212;steamservice.exe;0.0;0.0;0.08;12.94
1;TORRE 01;SERV-ISAAC;05/10/2026;23:01:37;10.2;78.4;15591.69;53.6;12216;steam.exe;0.0;0.0;0.55;85.88
1;TORRE 01;SERV-ISAAC;05/10/2026;23:01:37;10.2;78.4;15591.69;53.6;12248;opera.exe;0.0;0.0;3.76;586.33
1;TORRE 01;SERV-ISAAC;05/10/2026;23:01:37;10.2;78.4;15591.69;53.6;12488;conhost.exe;0.0;0.0;0.05;8.23
1;TORRE 01;SERV-ISAAC;05/10/2026;23:01:37;10.2;78.4;15591.69;53.6;12536;CastSrv.exe;0.0;0.0;0.08;12.67
1;TORRE 01;SERV-ISAAC;05/10/2026;23:01:37;10.2;78.4;15591.69;53.6;12648;opera.exe;0.0;0.0;1.0;155.92
1;TORRE 01;SERV-ISAAC;05/10/2026;23:01:37;10.2;78.4;15591.69;53.6;13112;msedgewebview2.exe;0.0;0.0;0.0;0.08
1;TORRE 01;SERV-ISAAC;05/10/2026;23:01:37;10.2;78.4;15591.69;53.6;13372;opera.exe;0.0;0.0;2.59;403.64
1;TORRE 01;SERV-ISAAC;05/10/2026;23:01:37;10.2;78.4;15591.69;53.6;13404;OpenConsole.exe;0.0;0.0;0.06;9.16
1;TORRE 01;SERV-ISAAC;05/10/2026;23:01:37;10.2;78.4;15591.69;53.6;13532;opera.exe;0.0;0.0;1.25;195.45
1;TORRE 01;SERV-ISAAC;05/10/2026;23:01:37;10.2;78.4;15591.69;53.6;13568;opera.exe;0.0;0.0;0.12;19.47
1;TORRE 01;SERV-ISAAC;05/10/2026;23:01:37;10.2;78.4;15591.69;53.6;13684;svchost.exe;0.0;0.0;0.07;10.82
1;TORRE 01;SERV-ISAAC;05/10/2026;23:01:37;10.2;78.4;15591.69;53.6;13900;UserOOBEBroker.exe;0.0;0.0;0.05;8.51
1;TORRE 01;SERV-ISAAC;05/10/2026;23:01:37;10.2;78.4;15591.69;53.6;13904;svchost.exe;0.0;0.0;0.13;20.96
1;TORRE 01;SERV-ISAAC;05/10/2026;23:01:37;10.2;78.4;15591.69;53.6;13916;opera.exe;0.0;0.0;1.46;227.25
1;TORRE 01;SERV-ISAAC;05/10/2026;23:01:37;10.2;78.4;15591.69;53.6;14188;opera.exe;0.0;0.0;1.38;214.7
1;TORRE 01;SERV-ISAAC;05/10/2026;23:01:37;10.2;78.4;15591.69;53.6;14472;msedgewebview2.exe;0.0;0.0;0.25;38.73
1;TORRE 01;SERV-ISAAC;05/10/2026;23:01:37;10.2;78.4;15591.69;53.6;14652;msedgewebview2.exe;0.0;0.0;0.09;13.4
1;TORRE 01;SERV-ISAAC;05/10/2026;23:01:37;10.2;78.4;15591.69;53.6;14748;opera.exe;0.0;0.0;1.28;199.64
1;TORRE 01;SERV-ISAAC;05/10/2026;23:01:37;10.2;78.4;15591.69;53.6;14780;opera.exe;0.0;0.0;0.12;18.66
1;TORRE 01;SERV-ISAAC;05/10/2026;23:01:37;10.2;78.4;15591.69;53.6;14960;jetbrains-toolbox.exe;0.0;0.0;2.09;325.81
1;TORRE 01;SERV-ISAAC;05/10/2026;23:01:37;10.2;78.4;15591.69;53.6;15088;svchost.exe;0.0;0.0;0.09;13.27
1;TORRE 01;SERV-ISAAC;05/10/2026;23:01:37;10.2;78.4;15591.69;53.6;15544;jetbrainsd.exe;0.0;0.0;0.45;69.46
1;TORRE 01;SERV-ISAAC;05/10/2026;23:01:37;10.2;78.4;15591.69;53.6;15656;steamwebhelper.exe;0.0;0.0;0.28;44.42
1;TORRE 01;SERV-ISAAC;05/10/2026;23:01:37;10.2;78.4;15591.69;53.6;15740;steamwebhelper.exe;0.0;0.0;0.17;26.23
1;TORRE 01;SERV-ISAAC;05/10/2026;23:01:37;10.2;78.4;15591.69;53.6;15840;steamwebhelper.exe;0.0;0.0;0.09;13.47
1;TORRE 01;SERV-ISAAC;05/10/2026;23:01:37;10.2;78.4;15591.69;53.6;15972;browser_assistant.exe;0.0;0.0;0.08;12.75
1;TORRE 01;SERV-ISAAC;05/10/2026;23:01:37;10.2;78.4;15591.69;53.6;16184;msedge.exe;0.0;0.0;0.13;19.89
1;TORRE 01;SERV-ISAAC;05/10/2026;23:01:37;10.2;78.4;15591.69;53.6;16224;steamwebhelper.exe;0.0;0.0;1.87;292.25
1;TORRE 01;SERV-ISAAC;05/10/2026;23:01:37;10.2;78.4;15591.69;53.6;16632;msedgewebview2.exe;0.0;0.0;0.04;6.29
1;TORRE 01;SERV-ISAAC;05/10/2026;23:01:37;10.2;78.4;15591.69;53.6;16684;AMDRSSrcExt.exe;0.0;0.0;0.28;43.26
1;TORRE 01;SERV-ISAAC;05/10/2026;23:01:37;10.2;78.4;15591.69;53.6;16936;wslservice.exe;0.0;0.0;0.16;24.75
1;TORRE 01;SERV-ISAAC;05/10/2026;23:01:37;10.2;78.4;15591.69;53.6;17056;Code.exe;0.0;0.0;3.0;467.0
1;TORRE 01;SERV-ISAAC;05/10/2026;23:01:37;10.2;78.4;15591.69;53.6;17144;RadeonSoftware.exe;0.0;0.0;0.18;28.33
1;TORRE 01;SERV-ISAAC;05/10/2026;23:01:37;10.2;78.4;15591.69;53.6;17596;msedgewebview2.exe;0.0;0.0;0.12;18.83
1;TORRE 01;SERV-ISAAC;05/10/2026;23:01:37;10.2;78.4;15591.69;53.6;17664;LinkedIn.exe;0.0;0.0;0.82;127.46
1;TORRE 01;SERV-ISAAC;05/10/2026;23:01:37;10.2;78.4;15591.69;53.6;17812;msedgewebview2.exe;0.0;0.0;0.0;0.76
1;TORRE 01;SERV-ISAAC;05/10/2026;23:01:37;10.2;78.4;15591.69;53.6;17876;cncmd.exe;0.0;0.0;0.04;6.2
1;TORRE 01;SERV-ISAAC;05/10/2026;23:01:37;10.2;78.4;15591.69;53.6;18012;AMDRSServ.exe;0.0;0.0;0.54;84.84
1;TORRE 01;SERV-ISAAC;05/10/2026;23:01:37;10.2;78.4;15591.69;53.6;18096;RuntimeBroker.exe;0.0;0.0;0.07;10.55
1;TORRE 01;SERV-ISAAC;05/10/2026;23:01:37;10.2;78.4;15591.69;53.6;18136;RuntimeBroker.exe;0.0;0.0;0.23;36.52
1;TORRE 01;SERV-ISAAC;05/10/2026;23:01:37;10.2;78.4;15591.69;53.6;18156;CrossDeviceService.exe;0.0;0.0;0.45;70.35
1;TORRE 01;SERV-ISAAC;05/10/2026;23:01:37;10.2;78.4;15591.69;53.6;18180;msedgewebview2.exe;0.0;0.0;0.71;110.78
1;TORRE 01;SERV-ISAAC;05/10/2026;23:01:37;10.2;78.4;15591.69;53.6;18220;msedgewebview2.exe;0.0;0.0;0.08;13.03
1;TORRE 01;SERV-ISAAC;05/10/2026;23:01:37;10.2;78.4;15591.69;53.6;18408;msedgewebview2.exe;0.0;0.0;0.47;73.52
1;TORRE 01;SERV-ISAAC;05/10/2026;23:01:37;10.2;78.4;15591.69;53.6;18416;msedgewebview2.exe;0.0;0.0;0.29;45.2
1;TORRE 01;SERV-ISAAC;05/10/2026;23:01:37;10.2;78.4;15591.69;53.6;18444;msedgewebview2.exe;0.0;0.0;1.19;185.59
1;TORRE 01;SERV-ISAAC;05/10/2026;23:01:37;10.2;78.4;15591.69;53.6;18460;python.exe;0.0;0.0;0.1;16.33
1;TORRE 01;SERV-ISAAC;05/10/2026;23:01:37;10.2;78.4;15591.69;53.6;18548;msedgewebview2.exe;0.0;0.0;0.11;17.1
1;TORRE 01;SERV-ISAAC;05/10/2026;23:01:37;10.2;78.4;15591.69;53.6;18600;opera.exe;0.0;0.0;2.28;355.82
1;TORRE 01;SERV-ISAAC;05/10/2026;23:01:37;10.2;78.4;15591.69;53.6;18632;RuntimeBroker.exe;0.0;0.0;0.07;10.33
1;TORRE 01;SERV-ISAAC;05/10/2026;23:01:37;10.2;78.4;15591.69;53.6;18644;svchost.exe;0.0;0.0;0.09;14.51
1;TORRE 01;SERV-ISAAC;05/10/2026;23:01:37;10.2;78.4;15591.69;53.6;18752;mintty.exe;0.0;0.0;0.15;22.99
1;TORRE 01;SERV-ISAAC;05/10/2026;23:01:37;10.2;78.4;15591.69;53.6;18756;TranslucentTB.exe;0.0;0.0;0.27;41.35
1;TORRE 01;SERV-ISAAC;05/10/2026;23:01:37;10.2;78.4;15591.69;53.6;18784;svchost.exe;0.0;0.0;0.17;26.2
1;TORRE 01;SERV-ISAAC;05/10/2026;23:01:37;10.2;78.4;15591.69;53.6;18840;RuntimeBroker.exe;0.0;0.0;0.07;10.87
1;TORRE 01;SERV-ISAAC;05/10/2026;23:01:37;10.2;78.4;15591.69;53.6;18940;msedgewebview2.exe;0.0;0.0;0.43;66.53
1;TORRE 01;SERV-ISAAC;05/10/2026;23:01:37;10.2;78.4;15591.69;53.6;18956;msedgewebview2.exe;0.0;0.0;0.01;1.76
1;TORRE 01;SERV-ISAAC;05/10/2026;23:01:37;10.2;78.4;15591.69;53.6;18992;RuntimeBroker.exe;0.0;0.0;0.07;10.9
1;TORRE 01;SERV-ISAAC;05/10/2026;23:01:37;10.2;78.4;15591.69;53.6;19128;Lively.exe;0.0;0.0;0.73;113.57
1;TORRE 01;SERV-ISAAC;05/10/2026;23:01:37;10.2;78.4;15591.69;53.6;19232;vmcompute.exe;0.0;0.0;0.08;12.55
1;TORRE 01;SERV-ISAAC;05/10/2026;23:01:37;10.2;78.4;15591.69;53.6;19616;dllhost.exe;0.0;0.0;0.06;8.62
1;TORRE 01;SERV-ISAAC;05/10/2026;23:01:37;10.2;78.4;15591.69;53.6;19940;backgroundTaskHost.exe;0.0;0.0;0.01;1.88
1;TORRE 01;SERV-ISAAC;05/10/2026;23:01:37;10.2;78.4;15591.69;53.6;19944;ApplicationFrameHost.exe;0.0;0.0;0.21;32.34
1;TORRE 01;SERV-ISAAC;05/10/2026;23:01:37;10.2;78.4;15591.69;53.6;20060;svchost.exe;0.0;0.0;0.07;11.2
1;TORRE 01;SERV-ISAAC;05/10/2026;23:01:37;10.2;78.4;15591.69;53.6;20188;svchost.exe;0.0;0.0;0.13;19.52
1;TORRE 01;SERV-ISAAC;05/10/2026;23:01:37;10.2;78.4;15591.69;53.6;20376;git-bash.exe;0.0;0.0;0.04;5.51
1;TORRE 01;SERV-ISAAC;05/10/2026;23:01:37;10.2;78.4;15591.69;53.6;20516;conhost.exe;0.0;0.0;0.07;10.95
1;TORRE 01;SERV-ISAAC;05/10/2026;23:01:37;10.2;78.4;15591.69;53.6;20580;msedge.exe;0.0;0.0;0.75;117.12
1;TORRE 01;SERV-ISAAC;05/10/2026;23:01:37;10.2;78.4;15591.69;53.6;20632;dllhost.exe;0.0;0.0;0.06;9.25
1;TORRE 01;SERV-ISAAC;05/10/2026;23:01:37;10.2;78.4;15591.69;53.6;21172;FileCoAuth.exe;0.0;0.0;0.19;28.89
1;TORRE 01;SERV-ISAAC;05/10/2026;23:01:37;10.2;78.4;15591.69;53.6;21492;svchost.exe;0.0;0.0;0.07;11.28
1;TORRE 01;SERV-ISAAC;05/10/2026;23:01:37;10.2;78.4;15591.69;53.6;21556;svchost.exe;0.0;0.0;0.05;7.54
1;TORRE 01;SERV-ISAAC;05/10/2026;23:01:37;10.2;78.4;15591.69;53.6;21568;msedgewebview2.exe;0.0;0.0;0.13;20.23
1;TORRE 01;SERV-ISAAC;05/10/2026;23:01:37;10.2;78.4;15591.69;53.6;21656;msedgewebview2.exe;0.0;0.0;0.08;13.22
1;TORRE 01;SERV-ISAAC;05/10/2026;23:01:37;10.2;78.4;15591.69;53.6;21836;bash.exe;0.0;0.0;0.07;10.72
1;TORRE 01;SERV-ISAAC;05/10/2026;23:01:37;10.2;78.4;15591.69;53.6;22348;OneDrive.exe;0.0;0.0;0.63;98.11
1;TORRE 01;SERV-ISAAC;05/10/2026;23:01:37;10.2;78.4;15591.69;53.6;22500;PhoneExperienceHost.exe;0.0;0.0;0.9;139.67
1;TORRE 01;SERV-ISAAC;05/10/2026;23:01:37;10.2;78.4;15591.69;53.6;22560;dllhost.exe;0.0;0.0;0.06;8.7
1;TORRE 01;SERV-ISAAC;05/10/2026;23:01:37;10.2;78.4;15591.69;53.6;22708;RuntimeBroker.exe;0.0;0.0;0.1;15.59
1;TORRE 01;SERV-ISAAC;05/10/2026;23:01:37;10.2;78.4;15591.69;53.6;22728;OneDrive.Sync.Service.exe;0.0;0.0;0.11;16.57
1;TORRE 01;SERV-ISAAC;05/10/2026;23:01:37;10.2;78.4;15591.69;53.6;22752;WUDFHost.exe;0.0;0.0;0.04;5.62
1;TORRE 01;SERV-ISAAC;05/10/2026;23:01:37;10.2;78.4;15591.69;53.6;22924;conhost.exe;0.0;0.0;0.08;12.98
1;TORRE 01;SERV-ISAAC;05/10/2026;23:01:37;10.2;78.4;15591.69;53.6;23332;opera.exe;0.0;0.0;2.43;378.94
1;TORRE 01;SERV-ISAAC;05/10/2026;23:01:37;10.2;78.4;15591.69;53.6;23452;RuntimeBroker.exe;0.0;0.0;0.05;8.12
1;TORRE 01;SERV-ISAAC;05/10/2026;23:01:37;10.2;78.4;15591.69;53.6;23988;msedgewebview2.exe;0.0;0.0;0.06;9.08
1;TORRE 01;SERV-ISAAC;05/10/2026;23:01:37;10.2;78.4;15591.69;53.6;24008;msedgewebview2.exe;0.0;0.0;0.1;14.98
1;TORRE 01;SERV-ISAAC;05/10/2026;23:01:37;10.2;78.4;15591.69;53.6;24088;powershell.exe;0.0;0.0;0.48;75.3
1;TORRE 01;SERV-ISAAC;05/10/2026;23:01:37;10.2;78.4;15591.69;53.6;24172;msedgewebview2.exe;0.0;0.0;0.04;6.06
1;TORRE 01;SERV-ISAAC;05/10/2026;23:01:37;10.2;78.4;15591.69;53.6;24248;msedge.exe;0.0;0.0;0.08;13.06
1;TORRE 01;SERV-ISAAC;05/10/2026;23:01:37;10.2;78.4;15591.69;53.6;25116;svchost.exe;0.0;0.0;0.06;10.01
1;TORRE 01;SERV-ISAAC;05/10/2026;23:01:37;10.2;78.4;15591.69;53.6;25208;svchost.exe;0.0;0.0;0.05;7.5
1;TORRE 01;SERV-ISAAC;05/10/2026;23:01:37;10.2;78.4;15591.69;53.6;25528;audiodg.exe;0.0;0.0;0.12;18.04
1;TORRE 01;SERV-ISAAC;05/10/2026;23:01:37;10.2;78.4;15591.69;53.6;25764;backgroundTaskHost.exe;0.0;0.0;0.01;1.88
1;TORRE 01;SERV-ISAAC;05/10/2026;23:01:37;10.2;78.4;15591.69;53.6;26608;copilot-runtime.exe;0.0;0.0;0.19;29.01
1;TORRE 01;SERV-ISAAC;05/10/2026;23:01:37;10.2;78.4;15591.69;53.6;26628;taskhostw.exe;0.0;0.0;0.12;18.09
1;TORRE 01;SERV-ISAAC;05/10/2026;23:01:37;10.2;78.4;15591.69;53.6;27232;opera.exe;0.0;0.0;5.66;881.75
1;TORRE 01;SERV-ISAAC;05/10/2026;23:01:37;10.2;78.4;15591.69;53.6;27960;SystemSettings.exe;0.0;0.0;0.02;2.63
1;TORRE 01;SERV-ISAAC;05/10/2026;23:01:37;10.2;78.4;15591.69;53.6;28248;svchost.exe;0.0;0.0;0.06;9.13
1;TORRE 01;SERV-ISAAC;05/10/2026;23:01:37;10.2;78.4;15591.69;53.6;28388;Code.exe;0.0;0.0;0.72;112.99
1;TORRE 01;SERV-ISAAC;05/10/2026;23:01:37;10.2;78.4;15591.69;53.6;29272;backgroundTaskHost.exe;0.0;0.0;0.01;1.64
1;TORRE 01;SERV-ISAAC;05/10/2026;23:01:37;10.2;78.4;15591.69;53.6;30512;Code.exe;0.0;0.0;0.32;50.34
1;TORRE 01;SERV-ISAAC;05/10/2026;23:01:37;10.2;78.4;15591.69;53.6;30576;Code.exe;0.0;0.0;2.98;465.18
1;TORRE 01;SERV-ISAAC;05/10/2026;23:01:37;10.2;78.4;15591.69;53.6;31032;Code.exe;0.0;0.0;1.12;175.16
1;TORRE 01;SERV-ISAAC;05/10/2026;23:01:37;10.2;78.4;15591.69;53.6;31176;Code.exe;0.0;0.0;0.97;151.27
1;TORRE 01;SERV-ISAAC;05/10/2026;23:01:37;10.2;78.4;15591.69;53.6;31368;Code.exe;0.0;0.0;0.21;32.73
1;TORRE 01;SERV-ISAAC;05/10/2026;23:01:37;10.2;78.4;15591.69;53.6;31696;Code.exe;0.0;0.0;1.07;166.13
1;TORRE 01;SERV-ISAAC;05/10/2026;23:01:37;10.2;78.4;15591.69;53.6;32792;Code.exe;0.0;0.0;0.7;109.84
1;TORRE 01;SERV-ISAAC;05/10/2026;23:01:37;10.2;78.4;15591.69;53.6;32896;powershell.exe;0.0;0.0;0.43;66.94
1;TORRE 01;SERV-ISAAC;05/10/2026;23:01:37;10.2;78.4;15591.69;53.6;33268;Code.exe;0.0;0.0;0.87;135.91
1;TORRE 01;SERV-ISAAC;05/10/2026;23:01:37;10.2;78.4;15591.69;53.6;33660;svchost.exe;0.0;0.0;0.08;12.0
1;TORRE 01;SERV-ISAAC;05/10/2026;23:01:37;10.2;78.4;15591.69;53.6;34516;OpenConsole.exe;0.0;0.0;0.06;8.94
1;TORRE 01;SERV-ISAAC;05/10/2026;23:01:37;10.2;78.4;15591.69;53.6;34568;Code.exe;0.0;0.0;0.72;112.98
1;TORRE 01;SERV-ISAAC;05/10/2026;23:01:37;10.2;78.4;15591.69;53.6;35672;Code.exe;0.0;0.0;0.69;106.81
1;TORRE 01;SERV-ISAAC;05/10/2026;23:01:37;10.2;78.4;15591.69;53.6;36104;pet.exe;0.0;0.0;0.06;8.72
1;TORRE 01;SERV-ISAAC;05/10/2026;23:01:37;10.2;78.4;15591.69;53.6;36396;msedgewebview2.exe;0.0;0.0;0.34;53.31
1;TORRE 01;SERV-ISAAC;05/10/2026;23:01:37;10.2;78.4;15591.69;53.6;36684;powershell.exe;0.0;0.0;0.43;67.04
1;TORRE 01;SERV-ISAAC;05/10/2026;23:01:37;10.2;78.4;15591.69;53.6;37156;opera.exe;0.0;0.0;1.62;252.79
1;TORRE 01;SERV-ISAAC;05/10/2026;23:01:37;10.2;78.4;15591.69;53.6;37180;OpenConsole.exe;0.0;0.0;0.06;8.96
1;TORRE 01;SERV-ISAAC;05/10/2026;23:01:37;10.2;78.4;15591.69;53.6;37364;conhost.exe;0.0;0.0;0.07;10.81
1;TORRE 01;SERV-ISAAC;05/10/2026;23:01:37;10.2;78.4;15591.69;53.6;37556;powershell.exe;0.0;0.0;0.45;69.76
1;TORRE 01;SERV-ISAAC;05/10/2026;23:01:37;10.2;78.4;15591.69;53.6;38480;Code.exe;0.0;0.0;3.61;563.55
1;TORRE 01;SERV-ISAAC;05/10/2026;23:01:37;10.2;78.4;15591.69;53.6;39348;MoNotificationUx.exe;0.0;0.0;0.07;11.07
1;TORRE 01;SERV-ISAAC;05/10/2026;23:01:37;10.2;78.4;15591.69;53.6;39400;opera.exe;0.0;0.0;3.8;592.0
1;TORRE 01;SERV-ISAAC;05/10/2026;23:01:37;10.2;78.4;15591.69;53.6;39408;opera.exe;0.0;0.0;1.56;242.8
1;TORRE 01;SERV-ISAAC;05/10/2026;23:01:37;10.2;78.4;15591.69;53.6;39476;opera.exe;0.0;0.0;1.79;278.7
1;TORRE 01;SERV-ISAAC;05/10/2026;23:01:37;10.2;78.4;15591.69;53.6;39816;opera.exe;0.0;0.0;1.27;198.72
1;TORRE 01;SERV-ISAAC;05/10/2026;23:01:37;10.2;78.4;15591.69;53.6;40204;opera.exe;0.0;0.0;1.38;214.63
1;TORRE 01;SERV-ISAAC;05/10/2026;23:01:37;10.2;78.4;15591.69;53.6;40820;opera.exe;0.0;0.0;2.9;451.6
1;TORRE 01;SERV-ISAAC;05/10/2026;23:01:37;10.2;78.4;15591.69;53.6;40952;opera.exe;0.0;0.0;0.22;33.65
1;TORRE 01;SERV-ISAAC;05/10/2026;23:01:37;10.2;78.4;15591.69;53.6;42464;opera.exe;0.0;0.0;1.97;307.52
1;TORRE 01;SERV-ISAAC;05/10/2026;23:01:37;10.2;78.4;15591.69;53.6;42876;opera.exe;0.0;0.0;1.65;257.11

2;TORRE 01;SERV-ISAAC;05/10/2026;23:01:50;3.2;77.5;15591.69;53.6;4;System;1.4;0.12;0.0;0.14
2;TORRE 01;SERV-ISAAC;05/10/2026;23:01:50;3.2;77.5;15591.69;53.6;8;csrss.exe;0.0;0.0;0.03;4.74
2;TORRE 01;SERV-ISAAC;05/10/2026;23:01:50;3.2;77.5;15591.69;53.6;140;;0.0;0.0;0.31;47.74
2;TORRE 01;SERV-ISAAC;05/10/2026;23:01:50;3.2;77.5;15591.69;53.6;176;Registry;0.0;0.0;0.12;19.46
2;TORRE 01;SERV-ISAAC;05/10/2026;23:01:50;3.2;77.5;15591.69;53.6;660;smss.exe;0.0;0.0;0.01;1.06
2;TORRE 01;SERV-ISAAC;05/10/2026;23:01:50;3.2;77.5;15591.69;53.6;724;svchost.exe;0.0;0.0;0.13;20.02
2;TORRE 01;SERV-ISAAC;05/10/2026;23:01:50;3.2;77.5;15591.69;53.6;1176;wininit.exe;0.0;0.0;0.04;5.78
2;TORRE 01;SERV-ISAAC;05/10/2026;23:01:50;3.2;77.5;15591.69;53.6;1200;csrss.exe;0.0;0.0;0.06;9.09
2;TORRE 01;SERV-ISAAC;05/10/2026;23:01:50;3.2;77.5;15591.69;53.6;1256;services.exe;0.0;0.0;0.1;15.57
2;TORRE 01;SERV-ISAAC;05/10/2026;23:01:50;3.2;77.5;15591.69;53.6;1292;winlogon.exe;0.0;0.0;0.07;11.18
2;TORRE 01;SERV-ISAAC;05/10/2026;23:01:50;3.2;77.5;15591.69;53.6;1304;msedge.exe;0.0;0.0;0.21;32.82
2;TORRE 01;SERV-ISAAC;05/10/2026;23:01:50;3.2;77.5;15591.69;53.6;1324;LsaIso.exe;0.0;0.0;0.02;3.23
2;TORRE 01;SERV-ISAAC;05/10/2026;23:01:50;3.2;77.5;15591.69;53.6;1344;lsass.exe;0.1;0.01;0.18;27.4
2;TORRE 01;SERV-ISAAC;05/10/2026;23:01:50;3.2;77.5;15591.69;53.6;1472;svchost.exe;0.0;0.0;0.04;6.64
2;TORRE 01;SERV-ISAAC;05/10/2026;23:01:50;3.2;77.5;15591.69;53.6;1480;ShellExperienceHost.exe;0.0;0.0;0.45;70.85
2;TORRE 01;SERV-ISAAC;05/10/2026;23:01:50;3.2;77.5;15591.69;53.6;1484;svchost.exe;0.0;0.0;0.21;32.94
2;TORRE 01;SERV-ISAAC;05/10/2026;23:01:50;3.2;77.5;15591.69;53.6;1512;fontdrvhost.exe;0.0;0.0;0.02;3.28
2;TORRE 01;SERV-ISAAC;05/10/2026;23:01:50;3.2;77.5;15591.69;53.6;1516;fontdrvhost.exe;0.0;0.0;0.05;7.6
2;TORRE 01;SERV-ISAAC;05/10/2026;23:01:50;3.2;77.5;15591.69;53.6;1544;WUDFHost.exe;0.0;0.0;0.03;5.02
2;TORRE 01;SERV-ISAAC;05/10/2026;23:01:50;3.2;77.5;15591.69;53.6;1660;svchost.exe;0.0;0.0;0.13;20.45
2;TORRE 01;SERV-ISAAC;05/10/2026;23:01:50;3.2;77.5;15591.69;53.6;1724;svchost.exe;0.0;0.0;0.06;8.75
2;TORRE 01;SERV-ISAAC;05/10/2026;23:01:50;3.2;77.5;15591.69;53.6;1756;wallpaper64.exe;0.1;0.01;2.46;383.25
2;TORRE 01;SERV-ISAAC;05/10/2026;23:01:50;3.2;77.5;15591.69;53.6;1828;opera.exe;0.0;0.0;1.39;217.41
2;TORRE 01;SERV-ISAAC;05/10/2026;23:01:50;3.2;77.5;15591.69;53.6;1844;svchost.exe;0.0;0.0;0.03;5.02
2;TORRE 01;SERV-ISAAC;05/10/2026;23:01:50;3.2;77.5;15591.69;53.6;1860;svchost.exe;0.0;0.0;0.06;9.42
2;TORRE 01;SERV-ISAAC;05/10/2026;23:01:50;3.2;77.5;15591.69;53.6;1888;svchost.exe;0.0;0.0;0.06;8.59
2;TORRE 01;SERV-ISAAC;05/10/2026;23:01:50;3.2;77.5;15591.69;53.6;1904;svchost.exe;0.0;0.0;0.08;12.01
2;TORRE 01;SERV-ISAAC;05/10/2026;23:01:50;3.2;77.5;15591.69;53.6;1924;svchost.exe;0.0;0.0;0.09;13.82
2;TORRE 01;SERV-ISAAC;05/10/2026;23:01:50;3.2;77.5;15591.69;53.6;2016;msedgewebview2.exe;0.0;0.0;0.06;9.0
2;TORRE 01;SERV-ISAAC;05/10/2026;23:01:50;3.2;77.5;15591.69;53.6;2024;svchost.exe;0.0;0.0;0.07;10.71
2;TORRE 01;SERV-ISAAC;05/10/2026;23:01:50;3.2;77.5;15591.69;53.6;2056;svchost.exe;0.0;0.0;0.07;10.29
2;TORRE 01;SERV-ISAAC;05/10/2026;23:01:50;3.2;77.5;15591.69;53.6;2064;svchost.exe;0.0;0.0;0.06;9.38
2;TORRE 01;SERV-ISAAC;05/10/2026;23:01:50;3.2;77.5;15591.69;53.6;2260;svchost.exe;0.0;0.0;0.05;8.02
2;TORRE 01;SERV-ISAAC;05/10/2026;23:01:50;3.2;77.5;15591.69;53.6;2268;svchost.exe;0.0;0.0;0.06;8.82
2;TORRE 01;SERV-ISAAC;05/10/2026;23:01:50;3.2;77.5;15591.69;53.6;2280;svchost.exe;0.0;0.0;0.06;9.63
2;TORRE 01;SERV-ISAAC;05/10/2026;23:01:50;3.2;77.5;15591.69;53.6;2332;msedge.exe;0.0;0.0;0.26;39.78
2;TORRE 01;SERV-ISAAC;05/10/2026;23:01:50;3.2;77.5;15591.69;53.6;2476;tposd.exe;0.0;0.0;0.1;14.92
2;TORRE 01;SERV-ISAAC;05/10/2026;23:01:50;3.2;77.5;15591.69;53.6;2496;opera.exe;0.0;0.0;1.64;255.22
2;TORRE 01;SERV-ISAAC;05/10/2026;23:01:50;3.2;77.5;15591.69;53.6;2548;svchost.exe;0.0;0.0;0.06;9.48
2;TORRE 01;SERV-ISAAC;05/10/2026;23:01:50;3.2;77.5;15591.69;53.6;2560;svchost.exe;0.0;0.0;0.09;14.31
2;TORRE 01;SERV-ISAAC;05/10/2026;23:01:50;3.2;77.5;15591.69;53.6;2596;svchost.exe;0.0;0.0;0.05;7.24
2;TORRE 01;SERV-ISAAC;05/10/2026;23:01:50;3.2;77.5;15591.69;53.6;2616;browser_assistant.exe;0.0;0.0;0.16;24.24
2;TORRE 01;SERV-ISAAC;05/10/2026;23:01:50;3.2;77.5;15591.69;53.6;2752;steamwebhelper.exe;0.0;0.0;0.07;10.8
2;TORRE 01;SERV-ISAAC;05/10/2026;23:01:50;3.2;77.5;15591.69;53.6;2804;svchost.exe;0.0;0.0;0.08;12.25
2;TORRE 01;SERV-ISAAC;05/10/2026;23:01:50;3.2;77.5;15591.69;53.6;2836;SynTPEnh.exe;0.4;0.03;0.18;28.29
2;TORRE 01;SERV-ISAAC;05/10/2026;23:01:50;3.2;77.5;15591.69;53.6;2928;svchost.exe;0.0;0.0;0.06;9.76
2;TORRE 01;SERV-ISAAC;05/10/2026;23:01:50;3.2;77.5;15591.69;53.6;3044;svchost.exe;0.0;0.0;0.08;12.07
2;TORRE 01;SERV-ISAAC;05/10/2026;23:01:50;3.2;77.5;15591.69;53.6;3052;svchost.exe;0.0;0.0;0.06;8.89
2;TORRE 01;SERV-ISAAC;05/10/2026;23:01:50;3.2;77.5;15591.69;53.6;3128;dwm.exe;3.6;0.3;0.87;135.76
2;TORRE 01;SERV-ISAAC;05/10/2026;23:01:50;3.2;77.5;15591.69;53.6;3180;svchost.exe;0.0;0.0;0.1;15.83
2;TORRE 01;SERV-ISAAC;05/10/2026;23:01:50;3.2;77.5;15591.69;53.6;3216;M365Copilot.exe;0.0;0.0;0.65;100.77
2;TORRE 01;SERV-ISAAC;05/10/2026;23:01:50;3.2;77.5;15591.69;53.6;3224;unsecapp.exe;0.0;0.0;0.05;7.2
2;TORRE 01;SERV-ISAAC;05/10/2026;23:01:50;3.2;77.5;15591.69;53.6;3320;svchost.exe;0.0;0.0;0.05;7.41
2;TORRE 01;SERV-ISAAC;05/10/2026;23:01:50;3.2;77.5;15591.69;53.6;3344;svchost.exe;0.0;0.0;0.04;6.08
2;TORRE 01;SERV-ISAAC;05/10/2026;23:01:50;3.2;77.5;15591.69;53.6;3372;RtkAudUService64.exe;0.0;0.0;0.03;4.42
2;TORRE 01;SERV-ISAAC;05/10/2026;23:01:50;3.2;77.5;15591.69;53.6;3428;svchost.exe;0.0;0.0;0.09;14.55
2;TORRE 01;SERV-ISAAC;05/10/2026;23:01:50;3.2;77.5;15591.69;53.6;3480;SynTPEnhService.exe;0.0;0.0;0.07;10.57
2;TORRE 01;SERV-ISAAC;05/10/2026;23:01:50;3.2;77.5;15591.69;53.6;3572;amdfendrsr.exe;0.0;0.0;0.04;6.67
2;TORRE 01;SERV-ISAAC;05/10/2026;23:01:50;3.2;77.5;15591.69;53.6;3584;atiesrxx.exe;0.0;0.0;0.04;6.45
2;TORRE 01;SERV-ISAAC;05/10/2026;23:01:50;3.2;77.5;15591.69;53.6;3592;svchost.exe;0.0;0.0;0.11;17.77
2;TORRE 01;SERV-ISAAC;05/10/2026;23:01:50;3.2;77.5;15591.69;53.6;3628;svchost.exe;0.0;0.0;0.04;6.17
2;TORRE 01;SERV-ISAAC;05/10/2026;23:01:50;3.2;77.5;15591.69;53.6;3684;svchost.exe;0.0;0.0;0.04;6.89
2;TORRE 01;SERV-ISAAC;05/10/2026;23:01:50;3.2;77.5;15591.69;53.6;3764;svchost.exe;0.0;0.0;0.14;22.04
2;TORRE 01;SERV-ISAAC;05/10/2026;23:01:50;3.2;77.5;15591.69;53.6;3868;svchost.exe;0.0;0.0;0.04;5.62
2;TORRE 01;SERV-ISAAC;05/10/2026;23:01:50;3.2;77.5;15591.69;53.6;3872;svchost.exe;0.0;0.0;0.08;11.95
2;TORRE 01;SERV-ISAAC;05/10/2026;23:01:50;3.2;77.5;15591.69;53.6;3884;svchost.exe;0.0;0.0;0.05;7.58
2;TORRE 01;SERV-ISAAC;05/10/2026;23:01:50;3.2;77.5;15591.69;53.6;3892;msedgewebview2.exe;0.0;0.0;0.27;42.12
2;TORRE 01;SERV-ISAAC;05/10/2026;23:01:50;3.2;77.5;15591.69;53.6;3912;wslinstaller.exe;0.0;0.0;0.07;11.02
2;TORRE 01;SERV-ISAAC;05/10/2026;23:01:50;3.2;77.5;15591.69;53.6;3976;MemCompression;0.0;0.0;1.2;187.58
2;TORRE 01;SERV-ISAAC;05/10/2026;23:01:50;3.2;77.5;15591.69;53.6;4020;svchost.exe;0.0;0.0;0.05;8.41
2;TORRE 01;SERV-ISAAC;05/10/2026;23:01:50;3.2;77.5;15591.69;53.6;4040;opera.exe;0.0;0.0;0.38;59.09
2;TORRE 01;SERV-ISAAC;05/10/2026;23:01:50;3.2;77.5;15591.69;53.6;4068;svchost.exe;0.0;0.0;0.06;8.64
2;TORRE 01;SERV-ISAAC;05/10/2026;23:01:50;3.2;77.5;15591.69;53.6;4076;svchost.exe;0.0;0.0;0.05;8.5
2;TORRE 01;SERV-ISAAC;05/10/2026;23:01:50;3.2;77.5;15591.69;53.6;4088;taskhostw.exe;0.1;0.01;0.13;20.11
2;TORRE 01;SERV-ISAAC;05/10/2026;23:01:50;3.2;77.5;15591.69;53.6;4224;mysqld.exe;0.0;0.0;0.06;9.73
2;TORRE 01;SERV-ISAAC;05/10/2026;23:01:50;3.2;77.5;15591.69;53.6;4248;svchost.exe;0.0;0.0;0.12;18.48
2;TORRE 01;SERV-ISAAC;05/10/2026;23:01:50;3.2;77.5;15591.69;53.6;4292;svchost.exe;0.0;0.0;0.06;9.83
2;TORRE 01;SERV-ISAAC;05/10/2026;23:01:50;3.2;77.5;15591.69;53.6;4360;svchost.exe;0.0;0.0;0.14;21.88
2;TORRE 01;SERV-ISAAC;05/10/2026;23:01:50;3.2;77.5;15591.69;53.6;4384;svchost.exe;0.0;0.0;0.07;11.34
2;TORRE 01;SERV-ISAAC;05/10/2026;23:01:50;3.2;77.5;15591.69;53.6;4536;PowerMgr.exe;0.1;0.01;0.03;5.03
2;TORRE 01;SERV-ISAAC;05/10/2026;23:01:50;3.2;77.5;15591.69;53.6;4584;wlanext.exe;0.0;0.0;0.04;5.91
2;TORRE 01;SERV-ISAAC;05/10/2026;23:01:50;3.2;77.5;15591.69;53.6;4596;spoolsv.exe;0.0;0.0;0.09;13.3
2;TORRE 01;SERV-ISAAC;05/10/2026;23:01:50;3.2;77.5;15591.69;53.6;4612;conhost.exe;0.0;0.0;0.03;5.36
2;TORRE 01;SERV-ISAAC;05/10/2026;23:01:50;3.2;77.5;15591.69;53.6;4732;svchost.exe;0.0;0.0;0.1;16.05
2;TORRE 01;SERV-ISAAC;05/10/2026;23:01:50;3.2;77.5;15591.69;53.6;4832;svchost.exe;0.0;0.0;0.05;7.5
2;TORRE 01;SERV-ISAAC;05/10/2026;23:01:50;3.2;77.5;15591.69;53.6;4936;svchost.exe;0.0;0.0;0.1;15.95
2;TORRE 01;SERV-ISAAC;05/10/2026;23:01:50;3.2;77.5;15591.69;53.6;4948;svchost.exe;0.0;0.0;0.26;41.17
2;TORRE 01;SERV-ISAAC;05/10/2026;23:01:50;3.2;77.5;15591.69;53.6;4956;FMService64.exe;0.0;0.0;0.05;7.58
2;TORRE 01;SERV-ISAAC;05/10/2026;23:01:50;3.2;77.5;15591.69;53.6;4964;ibmpmsvc.exe;0.0;0.0;0.04;5.82
2;TORRE 01;SERV-ISAAC;05/10/2026;23:01:50;3.2;77.5;15591.69;53.6;4992;SynRpcServer.exe;0.0;0.0;0.02;3.52
2;TORRE 01;SERV-ISAAC;05/10/2026;23:01:50;3.2;77.5;15591.69;53.6;5004;SmartStandby.exe;0.0;0.0;0.04;6.76
2;TORRE 01;SERV-ISAAC;05/10/2026;23:01:50;3.2;77.5;15591.69;53.6;5020;svchost.exe;0.0;0.0;0.25;39.55
2;TORRE 01;SERV-ISAAC;05/10/2026;23:01:50;3.2;77.5;15591.69;53.6;5028;RtkAudUService64.exe;0.0;0.0;0.09;13.45
2;TORRE 01;SERV-ISAAC;05/10/2026;23:01:50;3.2;77.5;15591.69;53.6;5040;svchost.exe;0.0;0.0;0.07;10.79
2;TORRE 01;SERV-ISAAC;05/10/2026;23:01:50;3.2;77.5;15591.69;53.6;5048;MpDefenderCoreService.exe;0.0;0.0;0.13;19.77
2;TORRE 01;SERV-ISAAC;05/10/2026;23:01:50;3.2;77.5;15591.69;53.6;5060;svchost.exe;0.8;0.07;0.13;20.82
2;TORRE 01;SERV-ISAAC;05/10/2026;23:01:50;3.2;77.5;15591.69;53.6;5072;svchost.exe;0.0;0.0;0.03;5.38
2;TORRE 01;SERV-ISAAC;05/10/2026;23:01:50;3.2;77.5;15591.69;53.6;5088;DAX3API.exe;0.0;0.0;0.1;15.18
2;TORRE 01;SERV-ISAAC;05/10/2026;23:01:50;3.2;77.5;15591.69;53.6;5100;LITSSvc.exe;0.0;0.0;0.05;7.72
2;TORRE 01;SERV-ISAAC;05/10/2026;23:01:50;3.2;77.5;15591.69;53.6;5112;MsMpEng.exe;1.1;0.09;2.06;321.3
2;TORRE 01;SERV-ISAAC;05/10/2026;23:01:50;3.2;77.5;15591.69;53.6;5188;AggregatorHost.exe;0.0;0.0;0.07;10.9
2;TORRE 01;SERV-ISAAC;05/10/2026;23:01:50;3.2;77.5;15591.69;53.6;5312;dllhost.exe;0.0;0.0;0.04;6.75
2;TORRE 01;SERV-ISAAC;05/10/2026;23:01:50;3.2;77.5;15591.69;53.6;5412;mysqld.exe;0.0;0.0;0.39;60.79
2;TORRE 01;SERV-ISAAC;05/10/2026;23:01:50;3.2;77.5;15591.69;53.6;5420;conhost.exe;0.0;0.0;0.05;7.49
2;TORRE 01;SERV-ISAAC;05/10/2026;23:01:50;3.2;77.5;15591.69;53.6;5488;dasHost.exe;0.0;0.0;0.03;4.37
2;TORRE 01;SERV-ISAAC;05/10/2026;23:01:50;3.2;77.5;15591.69;53.6;5516;tphkload.exe;0.0;0.0;0.08;11.89
2;TORRE 01;SERV-ISAAC;05/10/2026;23:01:50;3.2;77.5;15591.69;53.6;5592;svchost.exe;0.0;0.0;0.06;8.66
2;TORRE 01;SERV-ISAAC;05/10/2026;23:01:50;3.2;77.5;15591.69;53.6;6200;svchost.exe;0.0;0.0;0.06;8.78
2;TORRE 01;SERV-ISAAC;05/10/2026;23:01:50;3.2;77.5;15591.69;53.6;6208;svchost.exe;0.0;0.0;0.04;7.0
2;TORRE 01;SERV-ISAAC;05/10/2026;23:01:50;3.2;77.5;15591.69;53.6;6228;WmiPrvSE.exe;8.9;0.74;0.21;32.36
2;TORRE 01;SERV-ISAAC;05/10/2026;23:01:50;3.2;77.5;15591.69;53.6;6296;svchost.exe;0.0;0.0;0.06;9.87
2;TORRE 01;SERV-ISAAC;05/10/2026;23:01:50;3.2;77.5;15591.69;53.6;6440;SnippingTool.exe;0.0;0.0;1.22;190.21
2;TORRE 01;SERV-ISAAC;05/10/2026;23:01:50;3.2;77.5;15591.69;53.6;6448;DAX3API.exe;0.0;0.0;0.07;10.97
2;TORRE 01;SERV-ISAAC;05/10/2026;23:01:50;3.2;77.5;15591.69;53.6;6460;svchost.exe;0.0;0.0;0.04;6.3
2;TORRE 01;SERV-ISAAC;05/10/2026;23:01:50;3.2;77.5;15591.69;53.6;6496;svchost.exe;0.0;0.0;0.1;15.75
2;TORRE 01;SERV-ISAAC;05/10/2026;23:01:50;3.2;77.5;15591.69;53.6;6536;atieclxx.exe;0.0;0.0;0.1;16.09
2;TORRE 01;SERV-ISAAC;05/10/2026;23:01:50;3.2;77.5;15591.69;53.6;6644;svchost.exe;0.0;0.0;0.07;10.8
2;TORRE 01;SERV-ISAAC;05/10/2026;23:01:50;3.2;77.5;15591.69;53.6;6648;svchost.exe;0.0;0.0;0.04;5.47
2;TORRE 01;SERV-ISAAC;05/10/2026;23:01:50;3.2;77.5;15591.69;53.6;6660;sihost.exe;0.0;0.0;0.23;35.08
2;TORRE 01;SERV-ISAAC;05/10/2026;23:01:50;3.2;77.5;15591.69;53.6;6796;svchost.exe;0.0;0.0;0.05;8.14
2;TORRE 01;SERV-ISAAC;05/10/2026;23:01:50;3.2;77.5;15591.69;53.6;6804;DefenderSessionHelper.exe;0.0;0.0;0.03;4.66
2;TORRE 01;SERV-ISAAC;05/10/2026;23:01:50;3.2;77.5;15591.69;53.6;6820;svchost.exe;0.0;0.0;0.18;27.77
2;TORRE 01;SERV-ISAAC;05/10/2026;23:01:50;3.2;77.5;15591.69;53.6;6988;svchost.exe;0.0;0.0;0.1;15.11
2;TORRE 01;SERV-ISAAC;05/10/2026;23:01:50;3.2;77.5;15591.69;53.6;7044;MoUsoCoreWorker.exe;0.0;0.0;0.28;44.26
2;TORRE 01;SERV-ISAAC;05/10/2026;23:01:50;3.2;77.5;15591.69;53.6;7112;svchost.exe;0.0;0.0;0.26;40.22
2;TORRE 01;SERV-ISAAC;05/10/2026;23:01:50;3.2;77.5;15591.69;53.6;7328;WUDFHost.exe;0.0;0.0;0.07;10.48
2;TORRE 01;SERV-ISAAC;05/10/2026;23:01:50;3.2;77.5;15591.69;53.6;7476;shtctky.exe;0.0;0.0;0.12;18.3
2;TORRE 01;SERV-ISAAC;05/10/2026;23:01:50;3.2;77.5;15591.69;53.6;7604;explorer.exe;0.0;0.0;1.72;268.27
2;TORRE 01;SERV-ISAAC;05/10/2026;23:01:50;3.2;77.5;15591.69;53.6;7612;SynTPHelper.exe;0.0;0.0;0.04;6.08
2;TORRE 01;SERV-ISAAC;05/10/2026;23:01:50;3.2;77.5;15591.69;53.6;7736;svchost.exe;0.0;0.0;0.13;19.91
2;TORRE 01;SERV-ISAAC;05/10/2026;23:01:50;3.2;77.5;15591.69;53.6;7768;svchost.exe;0.0;0.0;0.06;8.77
2;TORRE 01;SERV-ISAAC;05/10/2026;23:01:50;3.2;77.5;15591.69;53.6;7824;SecurityHealthSystray.exe;0.0;0.0;0.07;10.2
2;TORRE 01;SERV-ISAAC;05/10/2026;23:01:50;3.2;77.5;15591.69;53.6;7912;SecurityHealthService.exe;0.0;0.0;0.11;17.88
2;TORRE 01;SERV-ISAAC;05/10/2026;23:01:50;3.2;77.5;15591.69;53.6;8040;svchost.exe;0.0;0.0;0.1;15.42
2;TORRE 01;SERV-ISAAC;05/10/2026;23:01:50;3.2;77.5;15591.69;53.6;8160;SystemSettingsBroker.exe;0.0;0.0;0.2;31.38
2;TORRE 01;SERV-ISAAC;05/10/2026;23:01:50;3.2;77.5;15591.69;53.6;8180;svchost.exe;0.0;0.0;0.06;8.73
2;TORRE 01;SERV-ISAAC;05/10/2026;23:01:50;3.2;77.5;15591.69;53.6;8228;svchost.exe;0.0;0.0;0.09;14.43
2;TORRE 01;SERV-ISAAC;05/10/2026;23:01:50;3.2;77.5;15591.69;53.6;8384;RtkAudUService64.exe;0.0;0.0;0.08;13.2
2;TORRE 01;SERV-ISAAC;05/10/2026;23:01:50;3.2;77.5;15591.69;53.6;8452;svchost.exe;0.0;0.0;0.15;23.77
2;TORRE 01;SERV-ISAAC;05/10/2026;23:01:50;3.2;77.5;15591.69;53.6;8608;svchost.exe;0.0;0.0;0.13;20.55
2;TORRE 01;SERV-ISAAC;05/10/2026;23:01:50;3.2;77.5;15591.69;53.6;9248;steamwebhelper.exe;0.0;0.0;0.23;36.19
2;TORRE 01;SERV-ISAAC;05/10/2026;23:01:50;3.2;77.5;15591.69;53.6;9352;SearchHost.exe;0.0;0.0;0.63;98.8
2;TORRE 01;SERV-ISAAC;05/10/2026;23:01:50;3.2;77.5;15591.69;53.6;9376;StartMenuExperienceHost.exe;0.0;0.0;0.56;87.78
2;TORRE 01;SERV-ISAAC;05/10/2026;23:01:50;3.2;77.5;15591.69;53.6;9416;opera.exe;0.0;0.0;1.82;283.38
2;TORRE 01;SERV-ISAAC;05/10/2026;23:01:50;3.2;77.5;15591.69;53.6;9468;Widgets.exe;0.0;0.0;0.33;51.33
2;TORRE 01;SERV-ISAAC;05/10/2026;23:01:50;3.2;77.5;15591.69;53.6;9488;RuntimeBroker.exe;0.0;0.0;0.16;24.91
2;TORRE 01;SERV-ISAAC;05/10/2026;23:01:50;3.2;77.5;15591.69;53.6;9600;RuntimeBroker.exe;0.0;0.0;0.34;52.84
2;TORRE 01;SERV-ISAAC;05/10/2026;23:01:50;3.2;77.5;15591.69;53.6;9704;WidgetService.exe;0.0;0.0;0.13;20.71
2;TORRE 01;SERV-ISAAC;05/10/2026;23:01:50;3.2;77.5;15591.69;53.6;9772;svchost.exe;0.0;0.0;0.1;15.3
2;TORRE 01;SERV-ISAAC;05/10/2026;23:01:50;3.2;77.5;15591.69;53.6;9780;svchost.exe;0.0;0.0;0.06;9.44
2;TORRE 01;SERV-ISAAC;05/10/2026;23:01:50;3.2;77.5;15591.69;53.6;9840;svchost.exe;0.0;0.0;0.05;8.33
2;TORRE 01;SERV-ISAAC;05/10/2026;23:01:50;3.2;77.5;15591.69;53.6;9868;msedgewebview2.exe;0.0;0.0;0.27;41.45
2;TORRE 01;SERV-ISAAC;05/10/2026;23:01:50;3.2;77.5;15591.69;53.6;9964;svchost.exe;0.0;0.0;0.13;19.97
2;TORRE 01;SERV-ISAAC;05/10/2026;23:01:50;3.2;77.5;15591.69;53.6;10160;msedgewebview2.exe;0.0;0.0;0.15;23.08
2;TORRE 01;SERV-ISAAC;05/10/2026;23:01:50;3.2;77.5;15591.69;53.6;10172;dllhost.exe;0.0;0.0;0.1;15.5
2;TORRE 01;SERV-ISAAC;05/10/2026;23:01:50;3.2;77.5;15591.69;53.6;10280;svchost.exe;0.0;0.0;0.08;13.08
2;TORRE 01;SERV-ISAAC;05/10/2026;23:01:50;3.2;77.5;15591.69;53.6;10300;svchost.exe;0.0;0.0;0.08;12.49
2;TORRE 01;SERV-ISAAC;05/10/2026;23:01:50;3.2;77.5;15591.69;53.6;10464;dllhost.exe;0.0;0.0;0.05;7.75
2;TORRE 01;SERV-ISAAC;05/10/2026;23:01:50;3.2;77.5;15591.69;53.6;10516;DataExchangeHost.exe;0.0;0.0;0.11;17.21
2;TORRE 01;SERV-ISAAC;05/10/2026;23:01:50;3.2;77.5;15591.69;53.6;10616;TextInputHost.exe;0.0;0.0;0.73;114.38
2;TORRE 01;SERV-ISAAC;05/10/2026;23:01:50;3.2;77.5;15591.69;53.6;10796;opera.exe;0.0;0.0;0.2;31.32
2;TORRE 01;SERV-ISAAC;05/10/2026;23:01:50;3.2;77.5;15591.69;53.6;11052;Code.exe;0.0;0.0;0.95;147.98
2;TORRE 01;SERV-ISAAC;05/10/2026;23:01:50;3.2;77.5;15591.69;53.6;11080;NisSrv.exe;0.0;0.0;0.07;11.34
2;TORRE 01;SERV-ISAAC;05/10/2026;23:01:50;3.2;77.5;15591.69;53.6;11088;ctfmon.exe;0.0;0.0;0.2;30.8
2;TORRE 01;SERV-ISAAC;05/10/2026;23:01:50;3.2;77.5;15591.69;53.6;11244;SearchIndexer.exe;0.0;0.0;0.2;31.96
2;TORRE 01;SERV-ISAAC;05/10/2026;23:01:50;3.2;77.5;15591.69;53.6;11268;svchost.exe;0.0;0.0;0.1;16.06
2;TORRE 01;SERV-ISAAC;05/10/2026;23:01:50;3.2;77.5;15591.69;53.6;11388;svchost.exe;0.0;0.0;0.09;14.05
2;TORRE 01;SERV-ISAAC;05/10/2026;23:01:50;3.2;77.5;15591.69;53.6;11572;RuntimeBroker.exe;0.0;0.0;0.25;39.49
2;TORRE 01;SERV-ISAAC;05/10/2026;23:01:50;3.2;77.5;15591.69;53.6;11600;steamwebhelper.exe;0.0;0.0;0.8;125.2
2;TORRE 01;SERV-ISAAC;05/10/2026;23:01:50;3.2;77.5;15591.69;53.6;11684;svchost.exe;0.0;0.0;0.05;7.32
2;TORRE 01;SERV-ISAAC;05/10/2026;23:01:50;3.2;77.5;15591.69;53.6;11756;svchost.exe;0.0;0.0;0.04;6.89
2;TORRE 01;SERV-ISAAC;05/10/2026;23:01:50;3.2;77.5;15591.69;53.6;11812;LockApp.exe;0.0;0.0;0.4;61.8
2;TORRE 01;SERV-ISAAC;05/10/2026;23:01:50;3.2;77.5;15591.69;53.6;12004;opera_crashreporter.exe;0.0;0.0;0.05;8.09
2;TORRE 01;SERV-ISAAC;05/10/2026;23:01:50;3.2;77.5;15591.69;53.6;12144;opera.exe;0.0;0.0;1.34;209.32
2;TORRE 01;SERV-ISAAC;05/10/2026;23:01:50;3.2;77.5;15591.69;53.6;12212;steamservice.exe;0.0;0.0;0.08;12.94
2;TORRE 01;SERV-ISAAC;05/10/2026;23:01:50;3.2;77.5;15591.69;53.6;12216;steam.exe;0.0;0.0;0.55;85.88
2;TORRE 01;SERV-ISAAC;05/10/2026;23:01:50;3.2;77.5;15591.69;53.6;12248;opera.exe;0.4;0.03;3.77;588.55
2;TORRE 01;SERV-ISAAC;05/10/2026;23:01:50;3.2;77.5;15591.69;53.6;12488;conhost.exe;0.0;0.0;0.05;8.23
2;TORRE 01;SERV-ISAAC;05/10/2026;23:01:50;3.2;77.5;15591.69;53.6;12536;CastSrv.exe;0.0;0.0;0.08;12.67
2;TORRE 01;SERV-ISAAC;05/10/2026;23:01:50;3.2;77.5;15591.69;53.6;12648;opera.exe;0.5;0.04;1.0;156.01
2;TORRE 01;SERV-ISAAC;05/10/2026;23:01:50;3.2;77.5;15591.69;53.6;13112;msedgewebview2.exe;0.0;0.0;0.0;0.08
2;TORRE 01;SERV-ISAAC;05/10/2026;23:01:50;3.2;77.5;15591.69;53.6;13372;opera.exe;0.0;0.0;2.59;403.64
2;TORRE 01;SERV-ISAAC;05/10/2026;23:01:50;3.2;77.5;15591.69;53.6;13404;OpenConsole.exe;0.0;0.0;0.06;9.16
2;TORRE 01;SERV-ISAAC;05/10/2026;23:01:50;3.2;77.5;15591.69;53.6;13532;opera.exe;0.0;0.0;1.25;195.45
2;TORRE 01;SERV-ISAAC;05/10/2026;23:01:50;3.2;77.5;15591.69;53.6;13568;opera.exe;0.0;0.0;0.12;19.47
2;TORRE 01;SERV-ISAAC;05/10/2026;23:01:50;3.2;77.5;15591.69;53.6;13684;svchost.exe;0.0;0.0;0.07;10.82
2;TORRE 01;SERV-ISAAC;05/10/2026;23:01:50;3.2;77.5;15591.69;53.6;13900;UserOOBEBroker.exe;0.0;0.0;0.05;8.51
2;TORRE 01;SERV-ISAAC;05/10/2026;23:01:50;3.2;77.5;15591.69;53.6;13904;svchost.exe;0.0;0.0;0.13;20.96
2;TORRE 01;SERV-ISAAC;05/10/2026;23:01:50;3.2;77.5;15591.69;53.6;13916;opera.exe;0.0;0.0;1.46;227.25
2;TORRE 01;SERV-ISAAC;05/10/2026;23:01:50;3.2;77.5;15591.69;53.6;14188;opera.exe;0.0;0.0;1.38;214.7
2;TORRE 01;SERV-ISAAC;05/10/2026;23:01:50;3.2;77.5;15591.69;53.6;14472;msedgewebview2.exe;0.0;0.0;0.25;38.73
2;TORRE 01;SERV-ISAAC;05/10/2026;23:01:50;3.2;77.5;15591.69;53.6;14652;msedgewebview2.exe;0.0;0.0;0.09;13.4
2;TORRE 01;SERV-ISAAC;05/10/2026;23:01:50;3.2;77.5;15591.69;53.6;14748;opera.exe;0.0;0.0;1.28;199.64
2;TORRE 01;SERV-ISAAC;05/10/2026;23:01:50;3.2;77.5;15591.69;53.6;14780;opera.exe;0.0;0.0;0.12;18.66
2;TORRE 01;SERV-ISAAC;05/10/2026;23:01:50;3.2;77.5;15591.69;53.6;14960;jetbrains-toolbox.exe;1.4;0.12;2.09;325.82
2;TORRE 01;SERV-ISAAC;05/10/2026;23:01:50;3.2;77.5;15591.69;53.6;15088;svchost.exe;0.0;0.0;0.09;13.27
2;TORRE 01;SERV-ISAAC;05/10/2026;23:01:50;3.2;77.5;15591.69;53.6;15544;jetbrainsd.exe;0.0;0.0;0.45;69.46
2;TORRE 01;SERV-ISAAC;05/10/2026;23:01:50;3.2;77.5;15591.69;53.6;15656;steamwebhelper.exe;0.0;0.0;0.29;44.47
2;TORRE 01;SERV-ISAAC;05/10/2026;23:01:50;3.2;77.5;15591.69;53.6;15740;steamwebhelper.exe;0.0;0.0;0.17;26.23
2;TORRE 01;SERV-ISAAC;05/10/2026;23:01:50;3.2;77.5;15591.69;53.6;15840;steamwebhelper.exe;0.0;0.0;0.09;13.47
2;TORRE 01;SERV-ISAAC;05/10/2026;23:01:50;3.2;77.5;15591.69;53.6;15972;browser_assistant.exe;0.0;0.0;0.08;12.75
2;TORRE 01;SERV-ISAAC;05/10/2026;23:01:50;3.2;77.5;15591.69;53.6;16184;msedge.exe;0.0;0.0;0.13;19.89
2;TORRE 01;SERV-ISAAC;05/10/2026;23:01:50;3.2;77.5;15591.69;53.6;16224;steamwebhelper.exe;0.0;0.0;1.87;292.25
2;TORRE 01;SERV-ISAAC;05/10/2026;23:01:50;3.2;77.5;15591.69;53.6;16632;msedgewebview2.exe;0.0;0.0;0.04;6.29
2;TORRE 01;SERV-ISAAC;05/10/2026;23:01:50;3.2;77.5;15591.69;53.6;16684;AMDRSSrcExt.exe;0.0;0.0;0.28;43.28
2;TORRE 01;SERV-ISAAC;05/10/2026;23:01:50;3.2;77.5;15591.69;53.6;16936;wslservice.exe;0.0;0.0;0.16;24.75
2;TORRE 01;SERV-ISAAC;05/10/2026;23:01:50;3.2;77.5;15591.69;53.6;17056;Code.exe;12.5;1.04;3.27;510.21
2;TORRE 01;SERV-ISAAC;05/10/2026;23:01:50;3.2;77.5;15591.69;53.6;17144;RadeonSoftware.exe;0.0;0.0;0.18;28.33
2;TORRE 01;SERV-ISAAC;05/10/2026;23:01:50;3.2;77.5;15591.69;53.6;17596;msedgewebview2.exe;0.0;0.0;0.12;18.83
2;TORRE 01;SERV-ISAAC;05/10/2026;23:01:50;3.2;77.5;15591.69;53.6;17664;LinkedIn.exe;0.0;0.0;0.82;127.46
2;TORRE 01;SERV-ISAAC;05/10/2026;23:01:50;3.2;77.5;15591.69;53.6;17812;msedgewebview2.exe;0.0;0.0;0.0;0.76
2;TORRE 01;SERV-ISAAC;05/10/2026;23:01:50;3.2;77.5;15591.69;53.6;17876;cncmd.exe;0.0;0.0;0.04;6.2
2;TORRE 01;SERV-ISAAC;05/10/2026;23:01:50;3.2;77.5;15591.69;53.6;18012;AMDRSServ.exe;0.0;0.0;0.54;84.84
2;TORRE 01;SERV-ISAAC;05/10/2026;23:01:50;3.2;77.5;15591.69;53.6;18096;RuntimeBroker.exe;0.0;0.0;0.07;10.55
2;TORRE 01;SERV-ISAAC;05/10/2026;23:01:50;3.2;77.5;15591.69;53.6;18136;RuntimeBroker.exe;0.0;0.0;0.23;36.52
2;TORRE 01;SERV-ISAAC;05/10/2026;23:01:50;3.2;77.5;15591.69;53.6;18156;CrossDeviceService.exe;0.0;0.0;0.45;70.35
2;TORRE 01;SERV-ISAAC;05/10/2026;23:01:50;3.2;77.5;15591.69;53.6;18180;msedgewebview2.exe;0.0;0.0;0.71;110.8
2;TORRE 01;SERV-ISAAC;05/10/2026;23:01:50;3.2;77.5;15591.69;53.6;18220;msedgewebview2.exe;0.0;0.0;0.08;13.03
2;TORRE 01;SERV-ISAAC;05/10/2026;23:01:50;3.2;77.5;15591.69;53.6;18408;msedgewebview2.exe;0.0;0.0;0.47;73.54
2;TORRE 01;SERV-ISAAC;05/10/2026;23:01:50;3.2;77.5;15591.69;53.6;18416;msedgewebview2.exe;0.0;0.0;0.29;45.2
2;TORRE 01;SERV-ISAAC;05/10/2026;23:01:50;3.2;77.5;15591.69;53.6;18444;msedgewebview2.exe;0.0;0.0;1.19;185.6
2;TORRE 01;SERV-ISAAC;05/10/2026;23:01:50;3.2;77.5;15591.69;53.6;18460;python.exe;4.3;0.36;0.11;16.52
2;TORRE 01;SERV-ISAAC;05/10/2026;23:01:50;3.2;77.5;15591.69;53.6;18548;msedgewebview2.exe;0.0;0.0;0.11;17.12
2;TORRE 01;SERV-ISAAC;05/10/2026;23:01:50;3.2;77.5;15591.69;53.6;18600;opera.exe;0.0;0.0;2.28;355.82
2;TORRE 01;SERV-ISAAC;05/10/2026;23:01:50;3.2;77.5;15591.69;53.6;18632;RuntimeBroker.exe;0.0;0.0;0.07;10.33
2;TORRE 01;SERV-ISAAC;05/10/2026;23:01:50;3.2;77.5;15591.69;53.6;18644;svchost.exe;0.0;0.0;0.09;14.51
2;TORRE 01;SERV-ISAAC;05/10/2026;23:01:50;3.2;77.5;15591.69;53.6;18752;mintty.exe;0.0;0.0;0.15;22.99
2;TORRE 01;SERV-ISAAC;05/10/2026;23:01:50;3.2;77.5;15591.69;53.6;18756;TranslucentTB.exe;0.0;0.0;0.27;41.35
2;TORRE 01;SERV-ISAAC;05/10/2026;23:01:50;3.2;77.5;15591.69;53.6;18784;svchost.exe;0.0;0.0;0.17;26.2
2;TORRE 01;SERV-ISAAC;05/10/2026;23:01:50;3.2;77.5;15591.69;53.6;18840;RuntimeBroker.exe;0.0;0.0;0.07;10.87
2;TORRE 01;SERV-ISAAC;05/10/2026;23:01:50;3.2;77.5;15591.69;53.6;18940;msedgewebview2.exe;0.0;0.0;0.43;66.53
2;TORRE 01;SERV-ISAAC;05/10/2026;23:01:50;3.2;77.5;15591.69;53.6;18956;msedgewebview2.exe;0.0;0.0;0.01;1.76
2;TORRE 01;SERV-ISAAC;05/10/2026;23:01:50;3.2;77.5;15591.69;53.6;18992;RuntimeBroker.exe;0.0;0.0;0.07;10.9
2;TORRE 01;SERV-ISAAC;05/10/2026;23:01:50;3.2;77.5;15591.69;53.6;19128;Lively.exe;0.0;0.0;0.73;113.62
2;TORRE 01;SERV-ISAAC;05/10/2026;23:01:50;3.2;77.5;15591.69;53.6;19232;vmcompute.exe;0.0;0.0;0.08;12.55
2;TORRE 01;SERV-ISAAC;05/10/2026;23:01:50;3.2;77.5;15591.69;53.6;19616;dllhost.exe;0.0;0.0;0.06;8.62
2;TORRE 01;SERV-ISAAC;05/10/2026;23:01:50;3.2;77.5;15591.69;53.6;19940;backgroundTaskHost.exe;0.0;0.0;0.01;1.88
2;TORRE 01;SERV-ISAAC;05/10/2026;23:01:50;3.2;77.5;15591.69;53.6;19944;ApplicationFrameHost.exe;0.0;0.0;0.21;32.34
2;TORRE 01;SERV-ISAAC;05/10/2026;23:01:50;3.2;77.5;15591.69;53.6;20060;svchost.exe;0.0;0.0;0.07;11.2
2;TORRE 01;SERV-ISAAC;05/10/2026;23:01:50;3.2;77.5;15591.69;53.6;20188;svchost.exe;0.0;0.0;0.13;19.52
2;TORRE 01;SERV-ISAAC;05/10/2026;23:01:50;3.2;77.5;15591.69;53.6;20376;git-bash.exe;0.0;0.0;0.04;5.51
2;TORRE 01;SERV-ISAAC;05/10/2026;23:01:50;3.2;77.5;15591.69;53.6;20516;conhost.exe;0.0;0.0;0.07;10.95
2;TORRE 01;SERV-ISAAC;05/10/2026;23:01:50;3.2;77.5;15591.69;53.6;20580;msedge.exe;0.0;0.0;0.75;117.12
2;TORRE 01;SERV-ISAAC;05/10/2026;23:01:50;3.2;77.5;15591.69;53.6;20632;dllhost.exe;0.0;0.0;0.06;9.25
2;TORRE 01;SERV-ISAAC;05/10/2026;23:01:50;3.2;77.5;15591.69;53.6;21172;FileCoAuth.exe;0.0;0.0;0.19;28.89
2;TORRE 01;SERV-ISAAC;05/10/2026;23:01:50;3.2;77.5;15591.69;53.6;21492;svchost.exe;0.0;0.0;0.07;11.28
2;TORRE 01;SERV-ISAAC;05/10/2026;23:01:50;3.2;77.5;15591.69;53.6;21556;svchost.exe;0.0;0.0;0.05;7.54
2;TORRE 01;SERV-ISAAC;05/10/2026;23:01:50;3.2;77.5;15591.69;53.6;21568;msedgewebview2.exe;0.0;0.0;0.13;20.23
2;TORRE 01;SERV-ISAAC;05/10/2026;23:01:50;3.2;77.5;15591.69;53.6;21656;msedgewebview2.exe;0.0;0.0;0.08;13.22
2;TORRE 01;SERV-ISAAC;05/10/2026;23:01:50;3.2;77.5;15591.69;53.6;21836;bash.exe;0.0;0.0;0.07;10.72
2;TORRE 01;SERV-ISAAC;05/10/2026;23:01:50;3.2;77.5;15591.69;53.6;22348;OneDrive.exe;0.0;0.0;0.63;98.11
2;TORRE 01;SERV-ISAAC;05/10/2026;23:01:50;3.2;77.5;15591.69;53.6;22500;PhoneExperienceHost.exe;0.0;0.0;0.9;139.68
2;TORRE 01;SERV-ISAAC;05/10/2026;23:01:50;3.2;77.5;15591.69;53.6;22560;dllhost.exe;0.0;0.0;0.06;8.7
2;TORRE 01;SERV-ISAAC;05/10/2026;23:01:50;3.2;77.5;15591.69;53.6;22708;RuntimeBroker.exe;0.0;0.0;0.1;15.59
2;TORRE 01;SERV-ISAAC;05/10/2026;23:01:50;3.2;77.5;15591.69;53.6;22728;OneDrive.Sync.Service.exe;0.0;0.0;0.11;16.47
2;TORRE 01;SERV-ISAAC;05/10/2026;23:01:50;3.2;77.5;15591.69;53.6;22752;WUDFHost.exe;0.0;0.0;0.04;5.62
2;TORRE 01;SERV-ISAAC;05/10/2026;23:01:50;3.2;77.5;15591.69;53.6;22924;conhost.exe;0.0;0.0;0.08;12.98
2;TORRE 01;SERV-ISAAC;05/10/2026;23:01:50;3.2;77.5;15591.69;53.6;23332;opera.exe;0.0;0.0;2.42;377.56
2;TORRE 01;SERV-ISAAC;05/10/2026;23:01:50;3.2;77.5;15591.69;53.6;23452;RuntimeBroker.exe;0.0;0.0;0.05;8.12
2;TORRE 01;SERV-ISAAC;05/10/2026;23:01:50;3.2;77.5;15591.69;53.6;23988;msedgewebview2.exe;0.0;0.0;0.06;9.1
2;TORRE 01;SERV-ISAAC;05/10/2026;23:01:50;3.2;77.5;15591.69;53.6;24008;msedgewebview2.exe;0.0;0.0;0.1;14.98
2;TORRE 01;SERV-ISAAC;05/10/2026;23:01:50;3.2;77.5;15591.69;53.6;24088;powershell.exe;0.0;0.0;0.48;75.3
2;TORRE 01;SERV-ISAAC;05/10/2026;23:01:50;3.2;77.5;15591.69;53.6;24172;msedgewebview2.exe;0.0;0.0;0.04;6.06
2;TORRE 01;SERV-ISAAC;05/10/2026;23:01:50;3.2;77.5;15591.69;53.6;24248;msedge.exe;0.0;0.0;0.08;13.06
2;TORRE 01;SERV-ISAAC;05/10/2026;23:01:50;3.2;77.5;15591.69;53.6;25116;svchost.exe;0.0;0.0;0.06;10.01
2;TORRE 01;SERV-ISAAC;05/10/2026;23:01:50;3.2;77.5;15591.69;53.6;25208;svchost.exe;0.0;0.0;0.05;7.5
2;TORRE 01;SERV-ISAAC;05/10/2026;23:01:50;3.2;77.5;15591.69;53.6;25528;audiodg.exe;0.0;0.0;0.11;17.91
2;TORRE 01;SERV-ISAAC;05/10/2026;23:01:50;3.2;77.5;15591.69;53.6;25764;backgroundTaskHost.exe;0.0;0.0;0.01;1.88
2;TORRE 01;SERV-ISAAC;05/10/2026;23:01:50;3.2;77.5;15591.69;53.6;26608;copilot-runtime.exe;0.1;0.01;0.19;29.02
2;TORRE 01;SERV-ISAAC;05/10/2026;23:01:50;3.2;77.5;15591.69;53.6;26628;taskhostw.exe;0.0;0.0;0.12;18.09
2;TORRE 01;SERV-ISAAC;05/10/2026;23:01:50;3.2;77.5;15591.69;53.6;27232;opera.exe;6.4;0.53;5.94;926.55
2;TORRE 01;SERV-ISAAC;05/10/2026;23:01:50;3.2;77.5;15591.69;53.6;27960;SystemSettings.exe;0.0;0.0;0.02;2.63
2;TORRE 01;SERV-ISAAC;05/10/2026;23:01:50;3.2;77.5;15591.69;53.6;28248;svchost.exe;0.0;0.0;0.06;9.13
2;TORRE 01;SERV-ISAAC;05/10/2026;23:01:50;3.2;77.5;15591.69;53.6;28388;Code.exe;0.0;0.0;0.72;112.99
2;TORRE 01;SERV-ISAAC;05/10/2026;23:01:50;3.2;77.5;15591.69;53.6;29272;backgroundTaskHost.exe;0.0;0.0;0.01;1.64
2;TORRE 01;SERV-ISAAC;05/10/2026;23:01:50;3.2;77.5;15591.69;53.6;30512;Code.exe;0.0;0.0;0.32;50.34
2;TORRE 01;SERV-ISAAC;05/10/2026;23:01:50;3.2;77.5;15591.69;53.6;30576;Code.exe;0.8;0.07;2.99;466.06
2;TORRE 01;SERV-ISAAC;05/10/2026;23:01:50;3.2;77.5;15591.69;53.6;31032;Code.exe;0.7;0.06;1.11;173.57
2;TORRE 01;SERV-ISAAC;05/10/2026;23:01:50;3.2;77.5;15591.69;53.6;31176;Code.exe;2.4;0.2;0.97;151.63
2;TORRE 01;SERV-ISAAC;05/10/2026;23:01:50;3.2;77.5;15591.69;53.6;31368;Code.exe;0.0;0.0;0.21;32.73
2;TORRE 01;SERV-ISAAC;05/10/2026;23:01:50;3.2;77.5;15591.69;53.6;31696;Code.exe;2.9;0.24;1.11;173.18
2;TORRE 01;SERV-ISAAC;05/10/2026;23:01:50;3.2;77.5;15591.69;53.6;32792;Code.exe;0.0;0.0;0.7;109.85
2;TORRE 01;SERV-ISAAC;05/10/2026;23:01:50;3.2;77.5;15591.69;53.6;32896;powershell.exe;0.0;0.0;0.43;66.94
2;TORRE 01;SERV-ISAAC;05/10/2026;23:01:50;3.2;77.5;15591.69;53.6;32944;opera.exe;0.0;0.0;0.32;50.44
2;TORRE 01;SERV-ISAAC;05/10/2026;23:01:50;3.2;77.5;15591.69;53.6;33268;Code.exe;0.0;0.0;0.87;135.97
2;TORRE 01;SERV-ISAAC;05/10/2026;23:01:50;3.2;77.5;15591.69;53.6;33660;svchost.exe;0.0;0.0;0.08;12.0
2;TORRE 01;SERV-ISAAC;05/10/2026;23:01:50;3.2;77.5;15591.69;53.6;34516;OpenConsole.exe;0.0;0.0;0.06;8.94
2;TORRE 01;SERV-ISAAC;05/10/2026;23:01:50;3.2;77.5;15591.69;53.6;34568;Code.exe;0.1;0.01;0.72;112.92
2;TORRE 01;SERV-ISAAC;05/10/2026;23:01:50;3.2;77.5;15591.69;53.6;35672;Code.exe;0.0;0.0;0.69;106.82
2;TORRE 01;SERV-ISAAC;05/10/2026;23:01:50;3.2;77.5;15591.69;53.6;36104;pet.exe;0.0;0.0;0.06;8.72
2;TORRE 01;SERV-ISAAC;05/10/2026;23:01:50;3.2;77.5;15591.69;53.6;36396;msedgewebview2.exe;0.0;0.0;0.34;53.31
2;TORRE 01;SERV-ISAAC;05/10/2026;23:01:50;3.2;77.5;15591.69;53.6;36684;powershell.exe;0.0;0.0;0.43;67.04
2;TORRE 01;SERV-ISAAC;05/10/2026;23:01:50;3.2;77.5;15591.69;53.6;37156;opera.exe;0.0;0.0;1.6;249.8
2;TORRE 01;SERV-ISAAC;05/10/2026;23:01:50;3.2;77.5;15591.69;53.6;37180;OpenConsole.exe;0.0;0.0;0.06;8.96
2;TORRE 01;SERV-ISAAC;05/10/2026;23:01:50;3.2;77.5;15591.69;53.6;37364;conhost.exe;0.0;0.0;0.07;10.81
2;TORRE 01;SERV-ISAAC;05/10/2026;23:01:50;3.2;77.5;15591.69;53.6;37556;powershell.exe;0.0;0.0;0.45;69.73
2;TORRE 01;SERV-ISAAC;05/10/2026;23:01:50;3.2;77.5;15591.69;53.6;38480;Code.exe;0.0;0.0;3.52;549.04
2;TORRE 01;SERV-ISAAC;05/10/2026;23:01:50;3.2;77.5;15591.69;53.6;39348;MoNotificationUx.exe;0.0;0.0;0.07;11.07
2;TORRE 01;SERV-ISAAC;05/10/2026;23:01:50;3.2;77.5;15591.69;53.6;39400;opera.exe;0.0;0.0;3.8;592.0
2;TORRE 01;SERV-ISAAC;05/10/2026;23:01:50;3.2;77.5;15591.69;53.6;39408;opera.exe;0.0;0.0;1.56;242.8
2;TORRE 01;SERV-ISAAC;05/10/2026;23:01:50;3.2;77.5;15591.69;53.6;39476;opera.exe;0.0;0.0;1.79;278.7
2;TORRE 01;SERV-ISAAC;05/10/2026;23:01:50;3.2;77.5;15591.69;53.6;39816;opera.exe;0.0;0.0;1.27;198.72
2;TORRE 01;SERV-ISAAC;05/10/2026;23:01:50;3.2;77.5;15591.69;53.6;40204;opera.exe;0.0;0.0;1.38;214.63
2;TORRE 01;SERV-ISAAC;05/10/2026;23:01:50;3.2;77.5;15591.69;53.6;40820;opera.exe;0.0;0.0;2.9;451.6
2;TORRE 01;SERV-ISAAC;05/10/2026;23:01:50;3.2;77.5;15591.69;53.6;40952;opera.exe;0.0;0.0;0.22;33.65
2;TORRE 01;SERV-ISAAC;05/10/2026;23:01:50;3.2;77.5;15591.69;53.6;42464;opera.exe;0.0;0.0;1.97;307.52
2;TORRE 01;SERV-ISAAC;05/10/2026;23:01:50;3.2;77.5;15591.69;53.6;42876;opera.exe;0.0;0.0;1.65;257.11

