identificador_torre;identificador_servidor;data;hora;cpu_total_percentual;cpu_total_status;ram_percentual;ram_status;disco_percentual;disco_status;cpu_maior_uso;maior_uso_cpu_percentual;processadores_fisicos;processadores_virtuais
TORRE-001;SERVIDOR-001;09/09/2026;20:57:03;19.84;NORMAL;93.7;CRITICO;65.3;ATENCAO;0;47.1;10;12
TORRE-001;SERVIDOR-001;09/09/2026;20:57:06;30.88;NORMAL;94.4;CRITICO;65.3;ATENCAO;0;60.0;10;12
TORRE-001;SERVIDOR-001;09/09/2026;20:57:16;12.46;NORMAL;95.5;CRITICO;65.3;ATENCAO;2;38.5;10;12
TORRE-001;SERVIDOR-001;09/09/2026;20:57:31;18.61;NORMAL;94.1;CRITICO;65.3;ATENCAO;2;43.9;10;12
TORRE-001;SERVIDOR-001;09/09/2026;20:58:23;23.34;NORMAL;86.8;ALTO;65.3;ATENCAO;0;59.2;10;12
TORRE-001;SERVIDOR-001;09/09/2026;20:58:33;15.9;NORMAL;86.8;ALTO;65.3;ATENCAO;0;47.1;10;12
TORRE-001;SERVIDOR-001;09/09/2026;21:12:19;17.22;NORMAL;97.3;CRITICO;65.3;ATENCAO;0;38.6;10;12
TORRE-001;SERVIDOR-001;30/09/2026;15:31:40;3.0;NORMAL;73.3;ATENCAO;43.6;NORMAL;2;10.8;6;12
TORRE-001;SERVIDOR-001;30/09/2026;15:31:50;3.78;NORMAL;71.7;ATENCAO;43.6;NORMAL;2;26.6;6;12
TORRE-001;SERVIDOR-001;30/09/2026;15:32:00;2.05;NORMAL;71.3;ATENCAO;43.6;NORMAL;0;12.3;6;12
TORRE-001;SERVIDOR-001;30/09/2026;15:32:10;3.51;NORMAL;71.3;ATENCAO;43.6;NORMAL;0;12.3;6;12
TORRE-001;SERVIDOR-001;30/09/2026;15:32:20;1.57;NORMAL;71.3;ATENCAO;43.6;NORMAL;0;9.4;6;12
TORRE-001;SERVIDOR-001;30/09/2026;15:32:30;1.43;NORMAL;71.2;ATENCAO;43.6;NORMAL;1;6.3;6;12
TORRE-001;SERVIDOR-001;30/09/2026;15:32:40;1.68;NORMAL;71.1;ATENCAO;43.6;NORMAL;0;9.2;6;12
TORRE-001;SERVIDOR-001;30/09/2026;15:32:50;1.53;NORMAL;71.2;ATENCAO;43.6;NORMAL;2;9.2;6;12
TORRE-001;SERVIDOR-001;30/09/2026;15:33:00;1.56;NORMAL;71.1;ATENCAO;43.6;NORMAL;2;7.8;6;12
TORRE-001;SERVIDOR-001;30/09/2026;15:33:10;4.16;NORMAL;71.1;ATENCAO;43.6;NORMAL;0;30.9;6;12
TORRE-001;SERVIDOR-001;30/09/2026;15:33:20;2.96;NORMAL;70.9;ATENCAO;43.6;NORMAL;0;18.2;6;12
TORRE-001;SERVIDOR-001;30/09/2026;15:33:30;0.91;NORMAL;70.9;ATENCAO;43.6;NORMAL;2;7.8;6;12
TORRE-001;SERVIDOR-001;30/09/2026;15:33:40;0.53;NORMAL;70.9;ATENCAO;43.6;NORMAL;2;3.1;6;12
TORRE-001;SERVIDOR-001;30/09/2026;15:33:51;1.69;NORMAL;70.9;ATENCAO;43.6;NORMAL;0;9.4;6;12
TORRE-001;SERVIDOR-001;30/09/2026;15:34:01;1.79;NORMAL;70.9;ATENCAO;43.6;NORMAL;0;12.3;6;12
TORRE-001;SERVIDOR-001;30/09/2026;15:34:11;1.68;NORMAL;70.9;ATENCAO;43.6;NORMAL;2;7.8;6;12
TORRE-001;SERVIDOR-001;30/09/2026;15:34:21;1.56;NORMAL;71.0;ATENCAO;43.6;NORMAL;0;10.9;6;12
TORRE-001;SERVIDOR-001;30/09/2026;15:34:31;1.29;NORMAL;70.9;ATENCAO;43.6;NORMAL;1;6.2;6;12
TORRE-001;SERVIDOR-001;30/09/2026;15:34:41;1.04;NORMAL;71.0;ATENCAO;43.6;NORMAL;2;7.8;6;12
TORRE-001;SERVIDOR-001;30/09/2026;15:34:51;2.08;NORMAL;70.9;ATENCAO;43.6;NORMAL;0;17.2;6;12
TORRE-001;SERVIDOR-001;30/09/2026;15:35:01;1.7;NORMAL;71.0;ATENCAO;43.6;NORMAL;1;10.9;6;12
TORRE-001;SERVIDOR-001;30/09/2026;15:35:11;2.48;NORMAL;70.9;ATENCAO;43.6;NORMAL;1;14.1;6;12
TORRE-001;SERVIDOR-001;30/09/2026;15:35:21;1.96;NORMAL;70.8;ATENCAO;43.6;NORMAL;0;12.5;6;12
TORRE-001;SERVIDOR-001;30/09/2026;15:35:31;2.43;NORMAL;70.8;ATENCAO;43.6;NORMAL;0;15.4;6;12
TORRE-001;SERVIDOR-001;30/09/2026;15:35:41;1.42;NORMAL;70.8;ATENCAO;43.6;NORMAL;1;6.2;6;12
TORRE-001;SERVIDOR-001;30/09/2026;15:35:51;4.08;NORMAL;71.0;ATENCAO;43.6;NORMAL;3;20.0;6;12
TORRE-001;SERVIDOR-001;30/09/2026;15:36:01;1.43;NORMAL;70.9;ATENCAO;43.6;NORMAL;0;9.4;6;12
TORRE-001;SERVIDOR-001;30/09/2026;15:36:11;2.57;NORMAL;71.0;ATENCAO;43.6;NORMAL;0;13.6;6;12
TORRE-001;SERVIDOR-001;30/09/2026;15:36:21;1.8;NORMAL;70.8;ATENCAO;43.6;NORMAL;0;9.2;6;12
TORRE-001;SERVIDOR-001;30/09/2026;15:36:31;1.6;NORMAL;70.9;ATENCAO;43.6;NORMAL;2;11.3;6;12
TORRE-001;SERVIDOR-001;30/09/2026;15:36:41;1.06;NORMAL;70.7;ATENCAO;43.6;NORMAL;2;8.1;6;12
TORRE-001;SERVIDOR-001;30/09/2026;15:36:51;1.97;NORMAL;70.4;ATENCAO;43.6;NORMAL;0;15.6;6;12
TORRE-001;SERVIDOR-001;30/09/2026;15:37:01;7.1;NORMAL;71.4;ATENCAO;43.6;NORMAL;0;47.8;6;12
TORRE-001;SERVIDOR-001;30/09/2026;15:37:11;2.57;NORMAL;71.7;ATENCAO;43.6;NORMAL;0;15.2;6;12
TORRE-001;SERVIDOR-001;30/09/2026;15:37:21;1.7;NORMAL;71.6;ATENCAO;43.6;NORMAL;0;9.4;6;12
TORRE-001;SERVIDOR-001;30/09/2026;15:37:31;1.55;NORMAL;71.6;ATENCAO;43.6;NORMAL;0;7.7;6;12
TORRE-001;SERVIDOR-001;30/09/2026;15:37:41;1.54;NORMAL;71.0;ATENCAO;43.6;NORMAL;0;7.7;6;12
TORRE-001;SERVIDOR-001;30/09/2026;15:37:51;1.57;NORMAL;70.7;ATENCAO;43.6;NORMAL;1;12.5;6;12
TORRE-001;SERVIDOR-001;30/09/2026;15:38:01;3.47;NORMAL;70.7;ATENCAO;43.6;NORMAL;2;29.2;6;12
TORRE-001;SERVIDOR-001;30/09/2026;15:38:11;1.83;NORMAL;70.6;ATENCAO;43.6;NORMAL;0;9.4;6;12
TORRE-001;SERVIDOR-001;30/09/2026;15:38:21;1.92;NORMAL;70.8;ATENCAO;43.6;NORMAL;0;18.2;6;12
TORRE-001;SERVIDOR-001;30/09/2026;15:38:31;3.2;NORMAL;70.7;ATENCAO;43.6;NORMAL;0;13.6;6;12
TORRE-001;SERVIDOR-001;01/10/2026;10:02:22;5.19;0;29.4;6;12
TORRE-001;SERVIDOR-001;01/10/2026;10:03:34;4.45;0;31.4;6;12
TORRE-001;SERVIDOR-001;01/10/2026;10:03:44;4.47;0;23.4;6;12
TORRE-001;SERVIDOR-001;01/10/2026;10:03:54;8.37;0;33.3;6;12
TORRE-001;SERVIDOR-001;01/10/2026;10:04:04;3.16;0;19.7;6;12
TORRE-001;SERVIDOR-001;01/10/2026;10:04:14;6.33;2;26.6;6;12
TORRE-001;SERVIDOR-001;01/10/2026;10:04:24;3.24;2;17.2;6;12
TORRE-001;SERVIDOR-001;01/10/2026;10:04:34;3.84;0;20.9;6;12
TORRE-001;SERVIDOR-001;01/10/2026;10:04:44;1.57;2;10.9;6;12
TORRE-001;SERVIDOR-001;01/10/2026;10:04:54;3.79;2;10.9;6;12
TORRE-001;SERVIDOR-001;01/10/2026;10:05:04;5.25;0;33.3;6;12
TORRE-001;SERVIDOR-001;01/10/2026;10:05:14;2.24;0;19.1;6;12
TORRE-001;SERVIDOR-001;01/10/2026;10:05:24;2.03;0;15.2;6;12
TORRE-001;SERVIDOR-001;01/10/2026;10:05:34;3.3;0;23.9;6;12
TORRE-001;SERVIDOR-001;01/10/2026;10:05:44;2.6;1;18.5;6;12
TORRE-001;SERVIDOR-001;01/10/2026;10:05:54;3.38;1;15.6;6;12
TORRE-001;SERVIDOR-001;01/10/2026;10:06:04;4.69;2;18.5;6;12
TORRE-001;SERVIDOR-001;01/10/2026;10:06:14;6.93;2;18.8;6;12
TORRE-001;SERVIDOR-001;01/10/2026;10:06:24;3.14;2;12.7;6;12
TORRE-001;SERVIDOR-001;01/10/2026;10:06:34;1.71;0;9.4;6;12
TORRE-001;SERVIDOR-001;01/10/2026;10:06:44;3.58;0;21.5;6;12
TORRE-001;SERVIDOR-001;01/10/2026;10:06:54;3.26;0;15.2;6;12
TORRE-001;SERVIDOR-001;01/10/2026;10:07:04;2.03;0;18.2;6;12
TORRE-001;SERVIDOR-001;01/10/2026;10:07:14;28.57;2;61.5;6;12
TORRE-001;SERVIDOR-001;01/10/2026;10:07:24;3.9;1;14.1;6;12
TORRE-001;SERVIDOR-001;01/10/2026;10:07:34;0.77;0;7.6;6;12
TORRE-001;SERVIDOR-001;01/10/2026;10:07:44;2.2;0;12.5;6;12
TORRE-001;SERVIDOR-001;01/10/2026;10:07:54;12.18;1;34.3;6;12
TORRE-001;SERVIDOR-001;01/10/2026;10:08:04;1.66;1;16.7;6;12
TORRE-001;SERVIDOR-001;01/10/2026;10:08:14;1.56;0;10.9;6;12
TORRE-001;SERVIDOR-001;01/10/2026;10:08:24;1.68;0;7.8;6;12
TORRE-001;SERVIDOR-001;01/10/2026;10:08:34;2.82;0;12.3;6;12
TORRE-001;SERVIDOR-001;01/10/2026;10:08:44;2.54;0;13.4;6;12
TORRE-001;SERVIDOR-001;01/10/2026;10:08:54;3.65;2;23.4;6;12
TORRE-001;SERVIDOR-001;01/10/2026;10:09:04;1.53;0;11.9;6;12
TORRE-001;SERVIDOR-001;01/10/2026;10:09:14;2.21;2;17.2;6;12
TORRE-001;SERVIDOR-001;01/10/2026;10:09:24;9.21;1;80.8;6;12
TORRE-001;SERVIDOR-001;01/10/2026;10:09:34;9.66;0;43.9;6;12
TORRE-001;SERVIDOR-001;01/10/2026;10:09:44;2.25;2;15.9;6;12
TORRE-001;SERVIDOR-001;01/10/2026;10:09:54;5.36;0;18.5;6;12
TORRE-001;SERVIDOR-001;01/10/2026;10:10:04;2.81;0;20.0;6;12
TORRE-001;SERVIDOR-001;01/10/2026;10:10:14;2.47;2;18.8;6;12
TORRE-001;SERVIDOR-001;01/10/2026;10:10:24;3.28;4;15.9;6;12
TORRE-001;SERVIDOR-001;01/10/2026;10:10:34;2.94;0;15.4;6;12
TORRE-001;SERVIDOR-001;01/10/2026;10:10:44;2.4;2;12.9;6;12
TORRE-001;SERVIDOR-001;01/10/2026;10:10:54;5.26;0;28.8;6;12
TORRE-001;SERVIDOR-001;01/10/2026;10:11:04;2.07;3;10.9;6;12
TORRE-001;SERVIDOR-001;01/10/2026;10:11:14;4.37;0;21.2;6;12
TORRE-001;SERVIDOR-001;01/10/2026;10:11:24;4.43;0;24.6;6;12
TORRE-001;SERVIDOR-001;01/10/2026;10:11:34;2.47;2;14.1;6;12
TORRE-001;SERVIDOR-001;01/10/2026;10:11:44;2.6;2;10.9;6;12
TORRE-001;SERVIDOR-001;01/10/2026;10:11:54;3.85;1;12.3;6;12
TORRE-001;SERVIDOR-001;01/10/2026;10:12:04;1.93;0;13.8;6;12
TORRE-001;SERVIDOR-001;01/10/2026;10:12:14;3.9;0;20.3;6;12
TORRE-001;SERVIDOR-001;01/10/2026;10:12:25;5.07;0;28.4;6;12
TORRE-001;SERVIDOR-001;01/10/2026;10:12:35;0.65;2;4.7;6;12
TORRE-001;SERVIDOR-001;01/10/2026;10:12:45;2.07;0;16.9;6;12
TORRE-001;SERVIDOR-001;01/10/2026;10:12:55;10.02;0;37.9;6;12
TORRE-001;SERVIDOR-001;01/10/2026;10:13:05;2.47;0;18.8;6;12
TORRE-001;SERVIDOR-001;01/10/2026;10:13:15;2.73;1;9.2;6;12
TORRE-001;SERVIDOR-001;01/10/2026;10:13:25;5.31;2;38.5;6;12
TORRE-001;SERVIDOR-001;01/10/2026;10:13:35;2.4;0;19.4;6;12
TORRE-001;SERVIDOR-001;01/10/2026;10:13:45;2.88;0;17.6;6;12
TORRE-001;SERVIDOR-001;01/10/2026;10:13:55;4.31;6;12.7;6;12
TORRE-001;SERVIDOR-001;01/10/2026;10:14:05;1.95;2;12.5;6;12
TORRE-001;SERVIDOR-001;01/10/2026;10:14:15;5.52;0;30.8;6;12
TORRE-001;SERVIDOR-001;01/10/2026;10:14:25;3.48;0;13.8;6;12
TORRE-001;SERVIDOR-001;01/10/2026;10:14:35;3.26;2;23.4;6;12
TORRE-001;SERVIDOR-001;01/10/2026;10:14:45;4.99;0;25.8;6;12
