RODADA;TORRE;SERVIDOR;DATA;HORA;CPU_TOTAL_PCT;RAM_TOTAL_PCT;RAM_TOTAL_MB;DISCO_TOTAL_PCT;QTD_PROCESSOS
1;TORRE-04;SERVIDOR-04;07/10/2026;16:39:04;34.2;84.9;12022.79;99.6;279
2;TORRE-04;SERVIDOR-04;07/10/2026;16:39:15;11.6;85.3;12022.79;99.6;279
3;TORRE-04;SERVIDOR-04;07/10/2026;16:39:25;66.4;85.2;12022.79;99.6;281
4;TORRE-04;SERVIDOR-04;07/10/2026;16:39:36;49.6;85.2;12022.79;99.6;281
5;TORRE-04;SERVIDOR-04;07/10/2026;16:39:47;5.1;85.0;12022.79;99.6;279
6;TORRE-04;SERVIDOR-04;07/10/2026;16:39:57;3.5;84.7;12022.79;99.6;279
7;TORRE-04;SERVIDOR-04;07/10/2026;16:40:08;10.1;84.9;12022.79;99.6;279
8;TORRE-04;SERVIDOR-04;07/10/2026;16:40:18;3.8;84.7;12022.79;99.6;279
9;TORRE-04;SERVIDOR-04;07/10/2026;16:40:29;13.2;84.6;12022.79;99.6;279
10;TORRE-04;SERVIDOR-04;07/10/2026;16:40:40;9.0;84.5;12022.79;99.6;279
11;TORRE-04;SERVIDOR-04;07/10/2026;16:40:50;5.4;84.4;12022.79;99.6;279
12;TORRE-04;SERVIDOR-04;07/10/2026;16:41:01;7.0;84.4;12022.79;99.6;279
13;TORRE-04;SERVIDOR-04;07/10/2026;16:41:11;3.9;84.4;12022.79;99.6;279
14;TORRE-04;SERVIDOR-04;07/10/2026;16:41:22;17.4;84.4;12022.79;99.6;279
15;TORRE-04;SERVIDOR-04;07/10/2026;16:41:33;7.8;84.4;12022.79;99.6;279
16;TORRE-04;SERVIDOR-04;07/10/2026;16:41:43;6.6;84.3;12022.79;99.6;278
17;TORRE-04;SERVIDOR-04;07/10/2026;16:41:54;6.6;84.4;12022.79;99.6;279
18;TORRE-04;SERVIDOR-04;07/10/2026;16:42:05;26.3;84.2;12022.79;99.6;279
19;TORRE-04;SERVIDOR-04;07/10/2026;16:42:15;15.4;84.4;12022.79;99.6;279
20;TORRE-04;SERVIDOR-04;07/10/2026;16:42:26;30.8;84.7;12022.79;99.6;279
21;TORRE-04;SERVIDOR-04;07/10/2026;16:42:37;27.5;84.5;12022.79;99.6;279
22;TORRE-04;SERVIDOR-04;07/10/2026;16:42:48;16.8;84.3;12022.79;99.6;279
23;TORRE-04;SERVIDOR-04;07/10/2026;16:42:58;5.8;84.0;12022.79;99.6;279
24;TORRE-04;SERVIDOR-04;07/10/2026;16:43:09;10.8;84.0;12022.79;99.6;279
25;TORRE-04;SERVIDOR-04;07/10/2026;16:43:19;3.9;84.0;12022.79;99.6;278
26;TORRE-04;SERVIDOR-04;07/10/2026;16:43:30;58.7;84.4;12022.79;99.6;278
27;TORRE-04;SERVIDOR-04;07/10/2026;16:43:41;17.5;85.1;12022.79;99.6;279
28;TORRE-04;SERVIDOR-04;07/10/2026;16:43:52;13.6;85.1;12022.79;99.6;279
29;TORRE-04;SERVIDOR-04;07/10/2026;16:44:03;18.9;84.6;12022.79;99.6;279
30;TORRE-04;SERVIDOR-04;07/10/2026;16:44:15;34.9;85.7;12022.79;99.6;280
31;TORRE-04;SERVIDOR-04;07/10/2026;16:44:26;30.4;86.0;12022.79;99.6;280
32;TORRE-04;SERVIDOR-04;07/10/2026;16:44:37;6.1;85.0;12022.79;99.6;280
33;TORRE-04;SERVIDOR-04;07/10/2026;16:44:48;4.7;84.9;12022.79;99.6;280
34;TORRE-04;SERVIDOR-04;07/10/2026;16:44:59;6.9;84.3;12022.79;99.6;280
35;TORRE-04;SERVIDOR-04;07/10/2026;16:45:10;3.5;84.2;12022.79;99.6;279
36;TORRE-04;SERVIDOR-04;07/10/2026;16:45:21;4.7;84.2;12022.79;99.6;279
37;TORRE-04;SERVIDOR-04;07/10/2026;16:45:32;9.7;84.2;12022.79;99.6;279
38;TORRE-04;SERVIDOR-04;07/10/2026;16:45:43;30.1;83.9;12022.79;99.6;279
39;TORRE-04;SERVIDOR-04;07/10/2026;16:45:54;9.7;83.7;12022.79;99.6;279
40;TORRE-04;SERVIDOR-04;07/10/2026;16:46:05;6.6;83.5;12022.79;99.6;279
41;TORRE-04;SERVIDOR-04;07/10/2026;16:46:15;8.5;83.5;12022.79;99.6;278
42;TORRE-04;SERVIDOR-04;07/10/2026;16:46:26;5.4;83.3;12022.79;99.6;277
43;TORRE-04;SERVIDOR-04;07/10/2026;16:46:37;4.7;83.3;12022.79;99.6;277
44;TORRE-04;SERVIDOR-04;07/10/2026;16:46:47;7.7;83.1;12022.79;99.6;277
45;TORRE-04;SERVIDOR-04;07/10/2026;16:46:58;3.9;83.1;12022.79;99.6;278
46;TORRE-04;SERVIDOR-04;07/10/2026;16:47:08;5.5;82.6;12022.79;99.6;278
47;TORRE-04;SERVIDOR-04;07/10/2026;16:47:19;13.7;82.6;12022.79;99.6;278
48;TORRE-04;SERVIDOR-04;07/10/2026;16:47:30;5.0;82.6;12022.79;99.6;278
49;TORRE-04;SERVIDOR-04;07/10/2026;16:47:40;3.5;82.7;12022.79;99.6;278
50;TORRE-04;SERVIDOR-04;07/10/2026;16:47:51;5.9;82.5;12022.79;99.6;278
