pid,nome,cpu_percent,ram_percent,status
0,System Idle Process,1097.5,0.0,running
2496,python.exe,44.2,0.1,running
17304,WmiPrvSE.exe,6.8,0.25,running
4,System,5.9,0.0,running
13104,Code.exe,3.5,3.63,running
17892,dwm.exe,2.8,0.88,running
25708,Code.exe,2.8,0.83,running
25980,Code.exe,2.1,1.07,running
7536,SynTPEnh.exe,1.9,0.22,running
4088,Code.exe,1.6,3.24,running
4668,svchost.exe,0.5,0.14,running
8224,atieclxx.exe,0.5,0.11,running
16848,WmiPrvSE.exe,0.4,0.07,running
23368,Code.exe,0.4,0.83,running
140,,0.0,0.31,stopped
176,Registry,0.0,0.24,running
648,smss.exe,0.0,0.01,running
708,opera.exe,0.0,3.52,running
724,csrss.exe,0.0,0.04,running
1148,svchost.exe,0.0,0.07,running
1152,wininit.exe,0.0,0.04,running
1232,services.exe,0.0,0.07,running
1280,msedgewebview2.exe,0.0,0.11,running
1292,msedgewebview2.exe,0.0,0.5,running
1316,LsaIso.exe,0.0,0.02,running
1332,lsass.exe,0.0,0.19,running
1344,svchost.exe,0.0,0.14,running
1396,svchost.exe,0.0,0.06,running
1436,AggregatorHost.exe,0.0,0.07,running
1460,svchost.exe,0.0,0.23,running
1488,fontdrvhost.exe,0.0,0.02,running
1504,svchost.exe,0.0,0.1,running
1512,steamwebhelper.exe,0.0,0.11,running
1552,WUDFHost.exe,0.0,0.04,running
1620,svchost.exe,0.0,0.15,running
1704,svchost.exe,0.0,0.06,running
1728,svchost.exe,0.0,0.15,running
1784,svchost.exe,0.0,0.05,running
1836,SearchHost.exe,0.0,0.71,stopped
1852,svchost.exe,0.0,0.05,running
1896,svchost.exe,0.0,0.03,running
1912,svchost.exe,0.0,0.11,running
1924,svchost.exe,0.0,0.07,running
2012,svchost.exe,0.0,0.07,running
2112,svchost.exe,0.0,0.06,running
2188,FileCoAuth.exe,0.0,0.19,running
2216,svchost.exe,0.0,0.05,running
2344,opera.exe,0.0,1.83,running
2420,svchost.exe,0.0,0.05,running
2428,UserOOBEBroker.exe,0.0,0.06,running
2448,svchost.exe,0.0,0.06,running
2508,svchost.exe,0.0,0.07,running
2596,svchost.exe,0.0,0.06,running
2716,powershell.exe,0.0,0.42,running
2752,OpenConsole.exe,0.0,0.06,running
2768,svchost.exe,0.0,0.04,running
2772,svchost.exe,0.0,0.1,running
2872,svchost.exe,0.0,0.07,running
2924,svchost.exe,0.0,0.04,running
2980,SynTPEnhService.exe,0.0,0.07,running
3008,svchost.exe,0.0,0.1,running
3032,svchost.exe,0.0,0.05,running
3120,atiesrxx.exe,0.0,0.04,running
3128,amdfendrsr.exe,0.0,0.04,running
3144,svchost.exe,0.0,0.12,running
3204,RtkAudUService64.exe,0.0,0.09,running
3256,Code.exe,0.0,0.65,running
3316,svchost.exe,0.0,0.04,running
3344,opera.exe,0.0,4.19,running
3464,svchost.exe,0.0,0.04,running
3468,svchost.exe,0.0,0.08,running
3480,svchost.exe,0.0,0.05,running
3500,SearchIndexer.exe,0.0,0.18,running
3576,MemCompression,0.0,1.15,running
3616,svchost.exe,0.0,0.05,running
3648,svchost.exe,0.0,0.06,running
3656,svchost.exe,0.0,0.06,running
3672,opera.exe,0.0,2.23,running
3716,svchost.exe,0.0,0.17,running
3804,opera.exe,0.0,0.22,running
3832,svchost.exe,0.0,0.1,running
3860,svchost.exe,0.0,0.04,running
3948,svchost.exe,0.0,0.07,running
3972,svchost.exe,0.0,0.13,running
4092,svchost.exe,0.0,0.16,running
4216,spoolsv.exe,0.0,0.13,running
4224,wlanext.exe,0.0,0.04,running
4268,conhost.exe,0.0,0.04,running
4336,svchost.exe,0.0,0.13,running
4436,SecurityHealthService.exe,0.0,0.12,running
4448,svchost.exe,0.0,0.05,running
4608,DAX3API.exe,0.0,0.11,running
4620,svchost.exe,0.0,0.06,running
4628,svchost.exe,0.0,0.07,running
4640,ibmpmsvc.exe,0.0,0.04,running
4648,svchost.exe,0.0,0.04,running
4656,svchost.exe,0.0,0.26,running
4676,svchost.exe,0.0,0.23,running
4692,svchost.exe,0.0,0.14,running
4696,SynRpcServer.exe,0.0,0.02,running
4720,LITSSvc.exe,0.0,0.05,running
4740,MpDefenderCoreService.exe,0.0,0.16,running
4748,SmartStandby.exe,0.0,0.05,running
4756,mysqld.exe,0.0,0.07,running
4760,MsMpEng.exe,0.0,2.47,running
4772,RtkAudUService64.exe,0.0,0.09,running
4780,FMService64.exe,0.0,0.05,running
4916,svchost.exe,0.0,0.14,running
5036,svchost.exe,0.0,0.11,running
5176,msedge.exe,0.0,0.07,running
5196,svchost.exe,0.0,0.07,running
5232,svchost.exe,0.0,0.06,running
5284,svchost.exe,0.0,0.06,running
5316,tphkload.exe,0.0,0.08,running
5344,mysqld.exe,0.0,0.48,running
5392,conhost.exe,0.0,0.05,running
5480,RuntimeBroker.exe,0.0,0.26,running
5612,svchost.exe,0.0,0.06,running
5808,RuntimeBroker.exe,0.0,0.1,running
5984,svchost.exe,0.0,0.07,running
6076,svchost.exe,0.0,0.09,running
6080,svchost.exe,0.0,0.05,running
6236,dllhost.exe,0.0,0.06,running
6288,svchost.exe,0.0,0.12,running
6552,svchost.exe,0.0,0.06,running
6616,NisSrv.exe,0.0,0.08,running
6628,browser_assistant.exe,0.0,0.15,running
6668,RuntimeBroker.exe,0.0,0.22,running
6724,opera.exe,0.0,1.34,running
6796,opera.exe,0.0,1.37,running
6912,powershell.exe,0.0,0.33,running
6924,svchost.exe,0.0,0.1,running
6960,svchost.exe,0.0,0.09,running
6964,pet.exe,0.0,0.05,running
6984,MoUsoCoreWorker.exe,0.0,0.33,running
6996,svchost.exe,0.0,0.09,running
7056,msedgewebview2.exe,0.0,0.86,running
7184,powershell.exe,0.0,0.51,running
7312,svchost.exe,0.0,0.09,running
7376,RtkAudUService64.exe,0.0,0.03,running
7700,LinkedIn.exe,0.0,0.85,running
7848,svchost.exe,0.0,0.05,running
7896,WUDFHost.exe,0.0,0.04,running
7984,M365Copilot.exe,0.0,0.65,running
8104,OpenConsole.exe,0.0,0.06,running
8592,svchost.exe,0.0,0.1,running
8652,opera.exe,0.0,1.61,running
8680,mintty.exe,0.0,0.12,running
8816,svchost.exe,0.0,0.12,running
8836,RadeonSoftware.exe,0.0,0.11,running
9020,svchost.exe,0.0,0.06,running
9392,svchost.exe,0.0,0.04,running
9516,powershell.exe,0.0,0.44,running
9536,msedgewebview2.exe,0.0,0.28,running
9696,git-bash.exe,0.0,0.04,running
9748,winlogon.exe,0.0,0.08,running
9752,PowerMgr.exe,0.0,0.05,running
9820,steamwebhelper.exe,0.0,0.31,running
9936,steamservice.exe,0.0,0.09,running
9964,msedgewebview2.exe,0.0,0.01,running
10148,powershell.exe,0.0,0.43,running
10224,msedgewebview2.exe,0.0,0.0,running
10316,Code.exe,0.0,3.47,running
10400,CodeSetup-stable-07f806f999227108933c2e30515b26eecc1fda74.exe,0.0,0.05,running
10404,opera.exe,0.0,2.04,running
10452,opera.exe,0.0,2.94,running
10540,AMDRSServ.exe,0.0,0.56,running
10648,WUDFHost.exe,0.0,0.07,running
10716,explorer.exe,0.0,2.28,running
10760,SynTPHelper.exe,0.0,0.04,running
10764,svchost.exe,0.0,0.07,running
10788,msedgewebview2.exe,0.0,1.19,running
10920,msedgewebview2.exe,0.0,0.01,running
11204,svchost.exe,0.0,0.1,running
11272,msedgewebview2.exe,0.0,0.03,running
11324,svchost.exe,0.0,0.13,running
11408,Code.exe,0.0,0.57,running
11568,svchost.exe,0.0,0.04,running
11724,svchost.exe,0.0,0.08,running
12240,SnippingTool.exe,0.0,0.9,running
12604,svchost.exe,0.0,0.06,running
12852,Code.exe,0.0,0.32,running
12976,opera.exe,0.0,1.95,running
13056,DefenderSessionHelper.exe,0.0,0.03,running
13212,steamwebhelper.exe,0.0,0.9,running
13372,opera.exe,0.0,0.4,running
13388,bash.exe,0.0,0.07,running
13488,steamwebhelper.exe,0.0,2.48,running
13728,msedgewebview2.exe,0.0,0.01,running
13792,opera.exe,0.0,2.87,running
13864,svchost.exe,0.0,0.2,running
14096,opera.exe,0.0,0.13,running
14184,SystemSettingsBroker.exe,0.0,0.22,running
14196,svchost.exe,0.0,0.06,running
14316,dllhost.exe,0.0,0.11,running
14376,WidgetService.exe,0.0,0.15,running
14508,opera.exe,0.0,1.55,running
14516,opera.exe,0.0,1.44,running
14940,Code.exe,0.0,0.61,running
14952,msedgewebview2.exe,0.0,0.16,running
14996,svchost.exe,0.0,0.06,running
15012,svchost.exe,0.0,0.13,running
15076,svchost.exe,0.0,0.08,running
15084,msedgewebview2.exe,0.0,0.26,running
15092,wallpaper64.exe,0.0,2.53,running
15112,PhoneExperienceHost.exe,0.0,1.01,running
15356,conhost.exe,0.0,0.08,running
15372,svchost.exe,0.0,0.05,running
15512,svchost.exe,0.0,0.05,running
15612,shtctky.exe,0.0,0.08,running
15688,msedge.exe,0.0,0.82,running
15804,RuntimeBroker.exe,0.0,0.23,running
15820,steamwebhelper.exe,0.0,0.2,running
15864,OneDrive.exe,0.0,0.62,running
15940,Widgets.exe,0.0,0.37,running
16120,SecurityHealthSystray.exe,0.0,0.07,running
16164,Code.exe,0.0,2.07,running
16192,RuntimeBroker.exe,0.0,0.07,running
16304,fontdrvhost.exe,0.0,0.05,running
16324,opera.exe,0.0,2.5,running
16428,msedgewebview2.exe,0.0,0.06,running
16464,Code.exe,0.0,0.81,running
16468,steamwebhelper.exe,0.0,0.62,running
16520,MySQLWorkbench.exe,0.0,0.63,running
16620,CodeSetup-stable-07f806f999227108933c2e30515b26eecc1fda74.tmp,0.0,0.16,running
16720,steamwebhelper.exe,0.0,0.08,running
16724,opera.exe,0.0,2.28,running
16772,msedge.exe,0.0,0.12,running
17156,conhost.exe,0.0,0.04,running
17536,RuntimeBroker.exe,0.0,0.37,running
17552,svchost.exe,0.0,0.21,running
17588,opera.exe,0.0,2.61,running
17644,sihost.exe,0.0,0.23,running
17972,AMDRSSrcExt.exe,0.0,0.33,running
18104,cncmd.exe,0.0,0.04,running
18172,msedgewebview2.exe,0.0,0.32,running
18296,steam.exe,0.0,0.57,running
18472,CrossDeviceService.exe,0.0,0.46,running
18856,Code.exe,0.0,2.27,running
18880,msedgewebview2.exe,0.0,0.07,running
18896,svchost.exe,0.0,0.06,running
18912,opera.exe,0.0,1.26,running
19140,Code.exe,0.0,0.61,running
19160,opera.exe,0.0,1.36,running
19176,csrss.exe,0.0,0.05,running
19196,msedgewebview2.exe,0.0,0.02,running
19200,StartMenuExperienceHost.exe,0.0,0.7,running
19216,ApplicationFrameHost.exe,0.0,0.2,running
19272,ShellExperienceHost.exe,0.0,0.4,stopped
19284,conhost.exe,0.0,0.07,running
19632,svchost.exe,0.0,0.09,running
19780,opera.exe,0.0,2.45,running
19788,msedgewebview2.exe,0.0,0.13,running
19880,opera.exe,0.0,2.23,running
19912,svchost.exe,0.0,0.14,running
19956,msedgewebview2.exe,0.0,0.07,running
20212,Code.exe,0.0,0.63,running
20412,svchost.exe,0.0,0.1,running
20440,opera.exe,0.0,1.53,running
20512,TranslucentTB.exe,0.0,0.28,running
20624,msedgewebview2.exe,0.0,0.11,running
20708,CastSrv.exe,0.0,0.1,running
20768,SystemSettings.exe,0.0,0.02,stopped
20904,conhost.exe,0.0,0.05,running
20988,opera.exe,0.0,1.61,running
21264,msedgewebview2.exe,0.0,0.39,running
21692,opera.exe,0.0,1.38,running
21780,opera.exe,0.0,0.29,running
21956,svchost.exe,0.0,0.09,running
22076,Code.exe,0.0,0.18,running
22156,browser_assistant.exe,0.0,0.06,running
22228,msedgewebview2.exe,0.0,0.26,running
22296,LockApp.exe,0.0,0.34,stopped
22480,jetbrainsd.exe,0.0,0.44,running
22504,msedgewebview2.exe,0.0,0.07,running
22632,jetbrains-toolbox.exe,0.0,2.06,running
22688,taskhostw.exe,0.0,0.13,running
22696,opera.exe,0.0,0.22,running
22852,Code.exe,0.0,0.7,running
22920,dllhost.exe,0.0,0.06,running
23088,opera_crashreporter.exe,0.0,0.08,running
23116,RuntimeBroker.exe,0.0,0.07,running
23212,opera.exe,0.0,0.14,running
23424,OpenConsole.exe,0.0,0.06,running
23436,unsecapp.exe,0.0,0.05,running
23452,Notepad.exe,0.0,0.57,running
23488,opera.exe,0.0,1.34,running
23516,opera.exe,0.0,1.98,running
23580,DAX3API.exe,0.0,0.08,running
23780,RuntimeBroker.exe,0.0,0.07,running
23856,tposd.exe,0.0,0.09,running
23944,Code.exe,0.0,0.96,running
24284,svchost.exe,0.0,0.06,running
24288,Code.exe,0.0,0.85,running
24660,Code.exe,0.0,0.64,running
24768,TextInputHost.exe,0.0,0.72,running
25092,msedgewebview2.exe,0.0,0.06,running
25256,svchost.exe,0.0,0.05,running
25776,msedge.exe,0.0,0.25,running
25860,msedge.exe,0.0,0.23,running
25912,svchost.exe,0.0,0.09,running
25960,Code.exe,0.0,1.45,running
26172,ctfmon.exe,0.0,0.2,running
26188,opera.exe,0.0,0.11,running
26428,opera.exe,0.0,1.43,running
26480,opera.exe,0.0,1.27,running
26512,OneDrive.Sync.Service.exe,0.0,0.24,running
